surface_number,letter,deer_number,status,png,multi_figured_composition,other_creatures,"orientation (vertical - 1, gorizontal - 0)","direction (left - 1, right - 0)",take for GAN,whole,upside down,horns,"horns_branches (ответв есть 1, нет 0)","horns_semicircle_shape (полукруг 1, прямые 0)","horns_thickening (утолщ 1, нет 0)","horns_axis (вертикально 1, гориз 0)",ears,tail,style (schematic - 0. realistic -1),"pose (standing - 0, laying - 1)","harnessed (yes - 1, no - 0)","beard  (yes -1, no 0)",amount of legs,"bent_front_leg (yes -1, no 0)",bent_hind_leg,type_of_hoovers_front,type_of_hooves_back,amount_of_fingers_front,amoun_of_fingers_back
1-1,,1,2,1-1-1,1,0,0,1,1,1,0,1,0,1,0,1,0,0,0,0,0,0,2,0,0,0,0,NA,NA
1-1,,2,1,1-1-2,1,0,0,1,0,,0,0,NA,NA,NA,NA,0,0,0,0,0,0,2,0,0,NA,NA,NA,NA
1-2,,1,2,1-2-1,1,1,0,0,1,1,0,1,0,1,1,1,0,1,0,0,0,1,2,0,0,0,0,NA,NA
1-3,,1,2,1-3-1,1,1,0,0,1,1,0,1,1,1,1,1,0,1,1,0,0,0,2,0,0,1,0,2,NA
1-3,,2,2,1-3-2,1,1,0,0,1,1,0,1,1,1,1,1,0,1,1,0,1,0,2,0,0,3,3,NA,NA
1-6,,1,1,1-6-1,1,1,0,1,0,0,0,1,1,1,1,1,1,NA,1,NA,0,0,0,NA,NA,NA,NA,NA,NA
1-6,,2,2,1-6-2,1,1,0,1,1,1,0,1,1,1,1,0,2,1,1,0,0,1,2,0,0,0,0,NA,NA
1-6,,3,2,1-6-3,1,1,0,1,1,1,0,1,1,1,1,1,0,1,0,0,0,0,2,0,0,0,0,NA,NA
1-7,,1,2,1-7-1,1,1,0,1,1,1,0,1,1,0,1,0,0,1,0,0,0,1,2,0,1,0,0,NA,NA
1-7,,2,2,1-7-2,1,1,0,1,1,1,0,1,1,1,0,1,0,1,1,0,0,0,2,0,0,0,0,NA,NA
1-7,,3,2,1-7-3,1,1,0,1,1,1,0,1,1,1,1,1,0,1,1,0,0,0,2,0,0,1,1,2,2
1-8,,1,2,1-8-1,1,1,0,1,1,?,0,0,0,0,0,0,0,0,0,0,0,0,2,0,0,0,0,NA,NA
1-9,,1,2,1-9-1,1,1,0,0,1,1,0,1,0,1,1,1,0,1,1,0,0,0,2,0,0,0,3,NA,NA
1-9,,2,2,1-9-2,1,1,0,0,1,1,0,1,1,1,1,0,0,1,1,0,0,0,2,0,0,2,0,3,NA
1-10,,1,2,1-10-1,1,1,0,1,1,,0,1,0,0,0,1,0,1,0,0,0,1,2,0,0,0,2,NA,3
1-10,,2,2,1-10-2,1,1,0,1,1,,0,2,???,???,???,???,???,0,0,0,0,0,2,0,0,0,0,NA,NA
1-12,,1,2,1-12-1,1,1,0,1,1,,0,1,1,1,1,1,0,1,1,0,0,0,2,0,0,0,0,NA,NA
1-12,,2,2,1-12-2,1,1,0,1,1,,0,1,1,1,1,1,0,1,1,0,0,0,4,0,0,0,0,NA,NA
1-14,,1,2,1-14-1,1,1,0,1,1,,0,1,1,0,1,1,0,1,0,0,0,0,2,0,с,0,0,NA,NA
1-19,,1,2,1-19-1,0,0,0,0,1,,0,1,0,1,1,0,0,1,1,1,0,0,2,1,0,0,0,NA,NA
1-22,,1,2,1-22-1,1,1,0,1,1,,0,1,0,0,0,1,0,0,0,0,0,0,2,0,0,0,0,NA,NA
1-25,,1,2,1-25-1,0,0,0,0,1,,0,1,1,1,1,1,0,1,1,0,0,0,2,0,0,0,0,NA,NA
1-26,,1,2,1-26-1,1,1,0,0,1,,0,1,0,1,0,1,0,1,1,0,0,0,2,0,0,0,0,NA,NA
1-27,,1,2,1-27-1,0,0,0,0,1,,0,1,1,1,1,0,0,1,1,0,0,0,2,0,0,0,0,NA,NA
1-28,,1,2,1-28-1,1,1,0,1,1,,0,1,1,1,0,1,0,1,0,0,0,0,2,0,0,0,0,NA,NA
1-28,,2,2,1-28-2,1,1,0,1,1,,0,1,1,1,1,1,0,0,1,0,0,0,2,0,0,1,4,2,NA
1-28,,3,2,1-28-3,1,1,0,1,1,,0,1,0,2,0,1,0,1,0,0,0,0,2,0,0,0,0,NA,NA
1-28,,4,2,1-28-4,1,1,0,1,1,,0,1,1,1,1,1,0,1,0,0,0,0,2,0,0,4,4,NA,NA
1-28,,5,2,1-28-5,1,1,0,1,1,,0,1,1,1,1,1,0,1,0,0,0,0,2,0,0,0,0,NA,NA
1-28,,6,2,1-28-6,1,1,0,1,1,,0,1,1,0,1,1,0,0,0,0,0,1,2,0,0,0,0,NA,NA
1-29,,1,2,1-29-1,1,0,0,0,1,,0,1,1,1,1,1,0,1,1,0,0,0,2,0,0,0,0,NA,NA
1-29,,2,2,1-29-2,1,0,0,0,1,,0,1,1,1,1,1,0,1,1,0,0,0,2,0,0,0,0,NA,NA
1-29,,3,2,1-29-3,1,0,0,1,1,,0,1,1,1,0,1,0,0,1,0,0,0,2,0,0,0,0,NA,NA
1-29,,4,2,1-29-4,1,0,0,0,1,,0,1,1,1,1,1,0,1,1,0,0,0,2,0,0,0,0,NA,NA
1-29,,5,2,1-29-5,1,0,0,0,1,,0,1,1,1,1,1,0,0,0,0,0,0,2,0,0,0,0,NA,NA
2-1,,1,2,2-1-1,1,0,0,0,1,,0,0,NA,NA,NA,NA,0,1,0,0,0,0,2,0,0,0,0,NA,NA
2-1,,2,2,2-1-2,1,0,0,0,1,,0,1,0,1,0,1,0,2,0,0,0,1,2,0,0,3,0,NA,NA
2-1,,3,2,2-1-3,1,0,0,1,1,,0,1,1,0,1,1,0,1,0,0,0,0,2,0,0,4,4,NA,NA
2-1,,4,2,2-1-4,1,0,0,1,1,,0,1,0,1,0,1,0,0,0,0,0,1,2,0,0,0,0,NA,NA
2-2,,1,2,2-2-1,1,1,0,0,1,,0,1,1,1,1,1,0,0,0,0,0,0,2,0,0,0,0,NA,NA
2-3,,1,2,2-3-1,1,0,0,1,1,,0,1,1,1,0,1,0,1,0,0,0,0,2,0,0,3,3,NA,NA
2-4,,1,2,2-4-1,1,1,0,1,1,,0,1,0,1,0,1,0,1,0,0,0,1,2,0,0,0,0,NA,NA
2-4,,2,2,2-4-2,1,1,0,1,1,,0,1,1,1,0,1,0,1,0,0,0,0,2,0,0,0,0,NA,NA
2-4,,3,2,2-4-3,1,1,0,1,1,,0,1,0,1,0,1,0,1,0,0,0,0,2,0,0,0,0,NA,NA
2-4,,4,2,2-4-4,1,1,0,1,1,,0,1,1,1,0,1,0,1,0,0,0,0,2,0,0,0,2,NA,3
2-4,,5,2,2-4-5,1,1,0,1,1,,0,1,1,1,0,1,0,1,0,0,0,0,2,0,0,0,0,NA,NA
2-4,,6,2,2-4-6,1,1,0,1,1,,0,1,2,1,1,1,0,1,0,0,0,0,3,1,0,0,0,NA,NA
2-5,,1,2,2-5-1,1,1,0,1,1,,0,1,1,0,0,1,0,1,0,0,0,1,2,0,0,0,4,NA,NA
2-6,,1,2,2-6-1,1,1,0,1,1,,0,1,1,0,1,1,0,1,0,0,0,0,2,0,0,0,0,NA,NA
2-7,,1,1,2-7-1,1,0,0,0,0,,0,2,???,???,???,???,???,0,0,0,0,0,2,0,0,0,0,NA,NA
2-7,,2,2,2-7-2,1,0,0,0,1,,0,1,0,1,0,1,0,1,0,0,0,1,2,0,0,0,0,NA,NA
2-7,,3,2,2-7-3,1,0,0,1,1,,0,1,1,1,0,0,1,1,0,0,0,1,2,0,0,0,0,NA,NA
2-8,,1,2,2-8-1,1,1,0,0,1,,0,1,1,0,1,1,1,1,1,0,NA,0,2,0,0,0,0,NA,NA
2-8,,2,2,2-8-2,1,1,0,0,1,,0,1,1,1,1,1,0,1,1,0,0,0,2,0,0,3,4,NA,NA
2-8,,3,2,2-8-3,1,1,0,0,1,,0,1,0,2,0,0,0,1,0,0,0,1,2,0,0,2,2,3,4
2-8,,4,2,2-8-4,1,1,0,0,1,,0,1,1,1,1,1,0,1,0,0,0,0,2,0,1,2,2,3,3
2-9,,1,2,2-9-1,1,0,0,1,1,1,0,1,0,1,0,1,0,1,0,0,0,0,2,0,0,4,1,NA,2
2-9,,2,2,2-9-2,1,0,0,0,1,,0,1,0,0,0,1,0,1,0,0,0,1,2,0,0,0,0,NA,NA
2-9,,3,2,2-9-3,1,0,0,0,1,,0,1,0,1,1,1,0,1,0,0,0,0,2,0,0,3,2,NA,4
2-9,,4,2,2-9-4,1,0,0,1,1,,0,1,1,1,1,1,0,1,1,0,0,0,2,0,0,3,3,NA,NA
2-9,,5,2,2-9-5,1,0,0,0,1,,0,1,0,1,1,1,0,0,0,0,0,1,2,0,0,3,3,NA,NA
2-9,,6,2,2-9-6,1,0,0,0,1,,0,1,0,1,0,1,0,1,0,0,0,0,2,0,0,4,0,NA,NA
2-10,,1,2,2-10-1,1,1,0,0,1,,0,1,1,1,0,0,0,1,0,0,0,0,2,0,0,0,0,NA,NA
2-10,,2,2,2-10-2,1,1,0,0,1,,0,1,1,0,0,1,0,1,0,0,1,0,2,0,0,1,3,NA,NA
2-10,,3,2,2-10-3,1,1,0,0,1,,0,1,1,1,1,1,0,1,1,0,0,0,2,0,0,0,4,NA,3
2-11,1,1,2,2-11-1-1,1,0,0,0,1,,0,1,0,0,0,1,0,1,1,0,0,0,2,0,0,0,0,NA,NA
2-11,1,2,2,2-11-1-2,1,0,0,0,1,,0,0,NA,NA,NA,NA,0,1,1,0,0,0,2,0,0,0,0,NA,NA
2-11,1,3,2,2-11-1-3,1,0,0,0,0,,0,1,0,0,0,1,0,0,0,0,0,0,2,0,0,0,0,NA,NA
2-11,1,4,2,2-11-1-4,1,0,0,1,1,,0,1,0,0,0,0,0,1,0,0,0,0,2,0,0,3,3,NA,NA
2-11,1,5,2,2-11-1-5,1,0,0,1,1,,0,1,1,0,0,0,0,0,0,0,0,0,2,0,0,0,0,NA,NA
2-11,1,6,2,2-11-1-6,1,0,0,0,1,,0,1,1,1,1,0,0,0,1,0,0,0,2,0,0,0,2,NA,3
2-11,1,7,2,2-11-1-7,1,0,0,0,1,,0,1,0,0,0,0,0,1,0,0,0,0,2,0,0,0,NA,NA,NA
2-11,1,8,2,2-11-1-8,1,0,0,0,1,,0,1,0,1,0,1,0,0,0,0,0,0,2,0,0,4,0,NA,NA
2-13,,1,2,2-13-1,1,1,0,0,1,,0,1,1,1,1,1,0,1,0,0,0,0,2,0,0,3,3,NA,NA
2-13,,2,2,2-13-2,1,1,0,0,1,,0,1,0,0,1,1,0,1,0,0,0,0,2,0,0,3,3,NA,NA
2-13,,3,2,2-13-3,1,1,0,0,1,,0,1,0,0,1,1,0,1,1,0,0,0,2,0,0,0,0,NA,NA
2-13,,4,2,2-13-4,1,1,0,0,1,,1,1,1,0,1,1,0,1,0,0,0,0,2,0,0,0,3,NA,NA
2-13,,5,2,2-13-5,1,1,0,0,1,,0,1,1,1,0,0,0,1,0,0,0,0,2,0,0,3,3,NA,NA
2-13,,6,2,2-13-6,1,1,0,0,1,,0,1,0,1,1,1,0,0,0,0,0,1,3,0,0,0,0,NA,NA
2-13,,7,0,2-13-7,1,1,0,0,1,,0,1,0,0,0,1,0,0,0,0,0,0,2,0,0,0,NA,NA,NA
2-13,,8,0,2-13-8,1,1,0,0,0,,0,1,0,0,0,1,0,0,0,NA,0,0,2,0,0,NA,NA,NA,NA
2-14,2,1,2,2-14-2-1,1,1,0,1,1,,0,1,0,0,1,1,0,1,0,0,0,0,2,0,0,2,0,2,NA
2-14,2,2,2,2-14-2-2,1,1,0,1,1,,0,1,0,0,0,1,0,1,0,0,0,0,2,0,0,0,0,NA,NA
2-14,2,3,2,2-14-2-3,1,1,0,1,1,,0,1,0,1,0,0,0,1,0,0,0,0,2,0,0,0,0,NA,NA
2-14,2,4,2,2-14-2-4,1,1,0,1,1,,0,1,0,1,0,1,0,1,0,0,0,0,2,0,0,0,NA,NA,NA
2-14,2,5,2,2-14-2-5,1,1,0,1,1,,0,1,0,0,0,1,0,1,0,0,0,0,2,0,0,0,0,NA,NA
2-14,2,6,2,2-14-2-6,1,1,0,0,1,,0,1,0,0,1,1,0,1,0,0,0,0,2,0,0,0,0,NA,NA
2-16,1,1,2,2-16-1-1,1,1,0,0,1,,0,1,1,0,1,1,0,1,1,0,0,0,2,0,0,0,0,NA,NA
2-16,1,2,2,2-16-1-2,1,1,0,1,1,,0,1,0,NA,NA,1,0,1,1,0,0,0,1,NA,0,0,NA,NA,NA
2-16,1,3,2,2-16-1-3,1,1,0,0,1,,0,1,1,1,1,1,1,1,1,0,0,0,2,0,0,3,0,NA,NA
2-16,1,4,2,2-16-1-4,1,1,0,0,1,,0,1,0,0,0,1,0,1,0,0,0,0,2,0,0,0,0,NA,NA
2-16,1,5,2,2-16-1-5,1,1,0,1,1,,0,1,1,0,1,1,1,1,0,0,0,1,2,0,0,0,NA,NA,NA
2-16,1,6,2,2-16-1-6,1,1,0,0,1,,0,1,0,1,1,1,0,1,0,0,0,0,2,0,0,0,0,NA,NA
2-16,1,7,2,2-16-1-7,1,1,0,0,1,,0,1,1,0,0,1,0,1,0,0,0,0,2,0,0,0,0,NA,NA
2-16,1,8,2,2-16-1-8,1,1,0,0,1,,0,1,1,1,1,1,0,1,1,0,0,0,2,0,1,0,0,NA,NA
2-16,1,9,2,2-16-1-9,1,1,0,0,1,,0,1,0,1,0,1,0,1,0,0,0,0,2,1,0,0,0,NA,NA
2-16,2,1,2,2-16-2-1,1,1,0,1,1,,0,1,1,0,1,1,0,1,0,0,0,0,2,0,0,0,0,NA,NA
2-16,2,2,2,2-16-2-2,1,1,0,0,1,,0,0,NA,NA,NA,NA,0,0,0,0,0,0,2,0,0,3,0,NA,NA
2-16,2,3,2,2-16-2-3,1,1,0,1,1,,0,1,1,0,0,1,0,1,0,0,1,0,2,1,1,3,4,NA,NA
2-17,,1,2,2-17-1,1,1,0,1,0,,0,1,0,0,0,1,0,1,0,0,0,1,3,0,0,2,0,2,NA
2-17,,2,2,2-17-2,1,1,0,NA,1,,0,1,1,0,1,0,0,1,0,0,0,0,2,0,0,0,0,NA,NA
2-17,,3,2,2-17-3,1,1,0,1,1,,0,1,1,0,1,1,1,1,1,0,0,0,2,0,0,0,0,NA,NA
2-17,,4,2,2-17-4,1,1,0,1,1,,0,1,1,0,1,1,0,1,0,0,0,0,2,0,0,3,3,NA,NA
2-17,,5,2,2-17-5,1,1,0,0,1,,0,1,1,1,1,0,0,1,1,0,0,0,2,0,0,0,0,NA,NA
2-17,,6,1,2-17-6,1,1,0,0,1,,0,0,NA,NA,NA,NA,0,0,0,0,0,1,2,0,0,0,0,NA,NA
2-18,,1,2,2-18-1,0,0,0,1,1,,0,1,1,0,0,1,0,0,0,0,0,0,2,0,0,NA,0,NA,NA
2-21,,1,2,2-21-1,1,1,0,1,1,,0,1,0,0,1,0,0,0,0,0,0,0,2,0,0,0,0,NA,NA
2-21,,2,2,2-21-2,1,1,0,1,1,,0,1,1,0,1,1,0,1,1,0,0,0,2,0,0,2,2,3,3
2-21,,3,2,2-21-3,1,1,0,1,1,,0,1,1,1,0,1,0,1,1,0,1,1,2,0,0,0,NA,NA,NA
2-21,,4,2,2-21-4,1,1,0,1,1,,0,1,0,0,0,1,0,1,0,0,0,0,2,0,0,0,0,NA,NA
2-21,,5,2,2-21-5,1,1,0,0,1,,0,1,0,1,1,1,0,1,0,0,0,0,2,0,0,0,1,NA,2
2-23,,1,2,2-23-1,1,1,0,0,1,,0,1,0,0,0,1,0,1,0,0,0,0,2,1,0,0,NA,NA,NA
2-23,,2,2,2-23-2,1,1,0,0,1,,0,1,0,0,0,1,0,1,0,0,0,0,2,0,0,0,0,NA,NA
2-23,,3,1,2-23-3,1,1,0,1,1,,0,1,0,0,0,1,0,1,0,0,0,0,2,0,0,0,NA,NA,NA
2-24,,1,2,2-24-1,1,1,0,1,1,,0,1,1,1,1,1,0,1,1,0,1,0,2,1,0,3,3,NA,NA
2-24,,2,2,2-24-2,1,1,0,0,1,,0,1,1,0,1,1,1,1,1,0,0,0,2,0,0,0,2,NA,3
2-24,,3,2,2-24-3,1,1,0,NA,1,,0,1,1,0,1,1,1,1,0,0,0,0,2,0,0,0,0,NA,NA
2-24,,4,2,2-24-4,1,1,0,1,1,,0,1,1,1,1,1,0,1,0,0,0,0,2,1,0,0,0,NA,NA
2-24,,5,1,2-24-5,1,1,0,NA,0,,0,0,NA,NA,NA,NA,1,1,0,0,0,1,2,0,0,0,0,NA,NA
2-24,,6,2,2-24-6,1,1,0,1,1,,0,1,1,0,1,1,0,1,0,0,0,0,2,0,0,0,0,NA,NA
2-24,,7,2,2-24-7,1,1,0,1,1,,0,1,1,0,1,1,1,1,0,0,0,0,2,0,0,2,0,3,NA
2-24,,8,2,2-24-8,1,1,0,1,1,,0,1,0,0,1,1,0,1,0,0,0,0,2,0,0,NA,0,NA,NA
2-24,,9,2,2-24-9,1,1,0,1,1,,0,1,1,0,0,1,0,1,0,0,0,0,2,0,0,0,0,NA,NA
2-24,,10,2,2-24-10,1,1,0,0,1,,0,1,0,1,1,0,0,1,0,0,0,1,2,0,0,3,0,NA,NA
2-24,,11,2,2-24-11,1,1,0,0,1,,0,0,NA,NA,NA,NA,0,0,0,0,0,0,2,1,0,0,0,NA,NA
2-24,,12,2,2-24-12,1,1,0,0,1,,0,1,1,0,1,1,0,1,1,0,0,0,2,0,0,1,1,2,2
2-25,,1,2,2-25-1,1,1,0,0,1,,0,1,1,0,0,1,0,1,0,0,0,0,2,0,0,0,0,NA,NA
2-26,,1,2,2-26-1,1,1,0,0,1,,0,1,1,1,1,1,1,1,0,0,0,0,2,0,0,3,NA,NA,NA
2-27,,1,2,2-27-1,1,1,0,1,1,,0,1,1,0,1,1,0,0,0,0,0,0,2,0,0,0,4,NA,NA
2-27,,2,2,2-27-2,1,1,0,0,1,,0,1,1,1,1,0,0,1,0,0,0,0,2,0,0,0,0,NA,NA
2-27,,3,1,2-27-3,1,1,0,1,1,,0,1,1,0,1,1,0,1,0,0,0,1,2,0,0,0,4,NA,NA
2-27,,4,2,2-27-4,1,1,0,0,1,,0,1,1,0,1,1,0,1,0,0,0,0,2,0,0,0,0,NA,NA
2-27,,5,2,2-27-5,1,1,0,1,1,,0,1,0,0,0,1,0,1,0,0,0,0,2,0,1,0,0,NA,NA
2-27,,6,2,2-27-6,1,1,1,0,1,,0,1,1,0,0,1,0,1,0,0,0,0,2,0,0,3,3,NA,NA
2-27,,7,2,2-27-7,1,1,1,1,1,,0,1,0,0,0,1,0,1,0,0,0,0,2,0,0,3,3,NA,NA
2-29,,1,2,2-29-1,1,1,0,0,1,,0,1,1,0,0,0,0,1,0,0,0,0,2,0,0,3,0,NA,NA
2-30,,1,2,2-30-1,1,1,0,0,0,,0,1,0,0,0,1,0,0,1,0,0,0,2,0,0,0,NA,NA,NA
2-30,,2,2,2-30-2,1,1,0,0,1,,0,1,0,0,1,1,0,0,0,0,0,0,2,0,0,0,0,NA,NA
2-30,,3,2,2-30-3,1,1,0,1,1,,0,1,0,0,0,1,1,0,0,0,0,0,2,0,0,0,0,NA,NA
2-30,,4,2,2-30-4,1,1,0,0,1,,0,1,1,0,0,1,0,1,0,0,0,0,2,0,0,0,0,NA,NA
2-33,,1,2,2-33-1,1,0,0,1,1,,0,1,1,1,1,1,0,1,1,0,0,1,2,0,0,0,4,NA,NA
2-33,,2,1,2-33-2,1,0,0,1,0,,0,NA,NA,NA,NA,NA,NA,NA,1,0,0,0,2,0,0,0,0,NA,NA
2-34,,1,2,2-34-1,1,1,0,0,1,,0,1,1,0,0,1,0,0,0,0,0,0,2,0,0,0,0,NA,NA
2-34,,2,2,2-34-2,1,1,0,0,1,,0,1,0,0,0,1,0,1,0,0,0,0,2,0,0,0,0,NA,NA
2-34,,3,1,2-34-3,1,1,0,0,1,,0,1,0,1,0,1,0,1,0,NA,0,0,1,NA,0,NA,NA,NA,NA
2-34,,4,2,2-34-4,1,1,0,1,1,,0,1,0,0,0,1,0,1,0,0,0,0,2,0,0,0,NA,NA,NA
2-34,,5,2,2-34-5,1,1,0,0,1,,0,1,1,0,0,0,0,1,0,0,0,0,2,1,0,3,3,NA,NA
2-36,,1,2,2-36-1,1,1,0,0,1,,0,1,1,1,1,1,0,1,1,0,0,1,2,0,0,1,3,2,NA
2-38,,1,2,2-38-1,1,0,0,0,1,,0,1,0,1,0,1,0,0,0,0,0,0,2,0,0,0,0,NA,NA
2-38,,2,2,2-38-2,1,0,1,1,1,,0,1,1,0,1,1,0,1,0,0,0,0,2,0,0,0,0,NA,NA
2-40,,1,2,2-40-1,0,0,0,1,1,,0,1,1,0,1,1,0,1,1,0,0,0,2,0,0,2,2,3,3
2-41,,1,2,2-41-1,0,0,0,0,1,,0,1,0,1,1,1,0,1,1,0,0,0,2,0,0,2,2,4,2
2-42,,1,0,2-42-1,1,1,0,0,1,,0,1,1,0,1,1,0,1,1,0,0,0,2,0,0,1,1,1,2
2-42,,2,0,2-42-2,1,1,0,0,1,,0,1,1,1,0,1,0,1,1,0,0,0,2,0,0,2,0,4,NA
2-43,,1,0,2-43-1,1,1,0,0,1,,0,0,NA,NA,NA,NA,0,0,0,0,0,0,2,0,0,0,0,NA,NA
2-44,,1,0,2-44-1,1,0,0,1,1,,0,1,0,1,0,1,0,0,1,0,0,0,2,1,0,2,0,4,NA
2-44,,2,0,2-44-2,1,0,0,NA,0,0,0,1,0,0,0,1,NA,0,0,0,0,0,2,0,0,2,2,4,3
2-44,,3,0,2-44-3,1,0,0,0,1,,0,1,1,1,1,1,0,1,1,0,0,0,2,0,0,2,2,4,4
2-44,,4,0,2-44-4,1,0,0,1,1,,0,1,0,1,2,2,0,1,0,0,0,0,2,0,0,2,2,4,4
2-44,,5,0,2-44-5,1,0,0,1,1,,0,1,1,0,0,1,0,1,1,0,0,0,2,0,1,0,0,NA,NA
2-45,,1,0,2-45-1,1,1,0,0,1,,0,1,1,1,1,1,0,1,1,0,0,0,4,0,0,3,3,NA,NA
2-46,,1,0,2-46-1,1,1,0,0,1,,0,1,0,1,0,1,0,0,0,0,0,0,2,0,0,0,0,NA,NA
2-46,,2,0,2-46-2,1,1,0,0,1,,0,1,1,0,1,1,0,0,0,0,0,0,2,0,0,0,0,NA,NA
2-46,,3,0,2-46-3,1,1,0,0,1,,0,1,0,0,0,1,0,1,0,0,1,0,2,0,0,0,4,NA,NA
2-46,,4,0,2-46-4,1,1,0,0,1,,0,1,0,1,0,1,0,1,0,0,0,0,2,0,0,0,0,NA,NA
2-46,,5,0,2-46-5,1,1,0,0,1,,0,1,1,1,0,1,0,1,1,0,0,0,2,0,0,3,0,NA,NA
2-46,,6,0,2-46-6,1,1,0,0,1,,0,1,0,0,0,1,0,1,0,0,0,0,2,0,1,4,0,NA,NA
2-46,,7,0,2-46-7,1,1,0,0,1,,0,1,1,1,0,1,0,1,0,0,0,0,2,0,0,3,0,NA,NA
2-46,,8,0,2-46-8,1,1,0,0,1,,0,1,1,0,1,0,0,1,1,0,0,0,4,0,0,0,0,NA,NA
2-46,,9,0,2-46-9,1,1,0,0,1,,0,1,0,1,0,1,0,1,0,0,0,0,2,0,0,0,0,NA,NA
2-47,,1,2,2-47-1,1,1,0,0,1,,0,1,1,0,1,1,1,1,1,0,0,0,2,0,0,2,2,4,4
2-47,,2,2,2-47-2,1,1,0,0,1,,0,1,1,1,1,1,1,1,1,0,1,0,2,1,0,2,0,4,NA
2-50,,1,2,2-50-1,0,0,0,1,1,,0,1,1,1,1,1,0,1,1,0,0,0,2,0,1,2,2,4,4
2-52,,1,2,2-52-1,1,1,0,1,1,,0,1,1,1,1,1,0,1,0,0,0,0,2,0,0,0,0,NA,NA
2-53,,1,2,2-53-1,1,0,0,0,1,,0,1,1,1,1,1,0,1,1,0,0,0,2,0,0,3,3,NA,NA
2-53,,2,2,2-53-2,1,0,0,0,1,,0,1,1,0,1,1,0,1,1,0,0,0,2,0,0,3,3,NA,NA
2-53,,3,2,2-53-3,1,0,0,0,1,,0,1,1,0,1,1,0,1,1,0,0,0,2,0,0,3,0,NA,NA
2-54,,1,2,2-54-1,1,NA,0,0,1,,0,1,0,0,0,1,0,1,0,0,0,0,2,0,0,0,0,NA,NA
2-54,,2,2,2-54-2,1,NA,0,0,1,,0,1,0,0,0,1,0,1,0,0,0,0,2,0,0,NA,0,NA,NA
2-54,,3,2,2-54-3,1,NA,0,0,0,0,0,1,0,0,0,1,0,1,0,0,0,0,2,0,0,NA,NA,NA,NA
2-54,,4,2,2-54-4,1,NA,0,0,1,,0,1,1,1,0,1,0,1,0,0,0,0,2,0,0,0,2,NA,3
2-55,,1,2,2-55-1,1,1,0,1,1,,0,0,NA,NA,NA,NA,0,1,0,0,1,0,4,0,0,3,3,NA,NA
2-55,,2,2,2-55-2,1,1,0,1,1,,0,1,0,0,0,1,0,1,0,0,0,0,2,0,0,0,0,NA,NA
2-56,,1,2,2-56-1,1,0,0,1,1,,0,1,0,0,0,1,0,1,0,0,0,0,3,0,0,0,0,NA,NA
2-56,,2,2,2-56-2,1,0,0,1,1,,0,1,0,0,0,1,0,1,0,0,0,0,4,0,0,0,0,NA,NA
2-56,,3,2,2-56-3,1,0,0,1,1,,0,1,0,0,0,1,0,1,0,0,0,0,4,0,0,0,0,NA,NA
2-56,,4,2,2-56-4,1,0,0,0,1,,0,1,1,0,1,1,0,1,0,0,0,0,2,0,0,0,0,NA,NA
2-56,,5,2,2-56-5,1,0,0,1,1,,0,1,1,0,1,1,0,1,1,0,0,0,2,0,0,0,0,NA,NA
2-57,,1,2,2-57-1,1,1,0,0,1,,0,1,0,0,0,1,0,0,0,0,0,1,2,0,0,0,0,NA,NA
2-57,,2,2,2-57-2,1,1,0,1,1,,0,1,0,0,0,1,0,0,0,0,0,0,2,0,0,0,0,NA,NA
3-1,,1,2,3-1-1,1,1,0,0,1,,0,1,0,1,1,1,0,1,1,1,0,0,2,0,0,0,0,NA,NA
3-1,,2,2,3-1-2,1,1,0,0,1,,0,1,0,1,0,1,0,1,0,0,0,0,2,0,0,0,0,NA,NA
3-1,,3,2,3-1-3,1,1,0,0,1,,0,1,1,1,0,1,0,1,0,0,0,1,2,0,0,0,0,NA,NA
3-1,,4,2,3-1-4,1,1,0,0,1,,0,1,1,1,0,1,0,1,0,0,0,1,2,0,0,0,0,NA,NA
3-1,,5,2,3-1-5,1,1,1,0,1,,0,1,0,1,0,1,0,1,0,0,0,0,2,0,1,0,0,NA,NA
3-2,,1,2,3-2-1,1,0,0,0,1,,0,1,1,0,1,1,0,1,1,0,0,0,2,0,0,3,3,NA,NA
3-2,,2,2,3-2-2,1,0,0,0,1,,0,1,1,0,1,1,0,1,1,0,0,0,2,0,0,4,3,NA,NA
3-3,,1,2,3-3-1,1,1,0,0,1,,0,1,1,0,1,0,0,1,1,0,1,0,2,0,0,4,4,NA,NA
3-5,,1,2,3-5-1,1,1,0,0,1,,0,1,1,1,1,1,0,1,1,0,0,0,2,0,0,2,2,4,4
3-6,,1,1,3-6-1,1,NA,0,0,1,,0,NA,NA,NA,NA,NA,NA,NA,0,1,0,0,1,0,NA,0,NA,NA,NA
3-8,,1,1,3-8-1,0,0,0,1,0,0,0,1,1,NA,NA,NA,NA,1,0,NA,0,0,NA,NA,NA,NA,NA,NA,NA
3-9,,1,2,3-9-1,1,1,0,0,1,,0,1,0,0,0,1,0,0,0,0,0,0,2,0,0,0,0,NA,NA
3-9,,2,2,3-9-2,1,1,0,1,1,0,0,1,1,1,1,1,0,1,0,NA,0,0,1,0,NA,NA,NA,NA,NA
3-9,,3,2,3-9-3,1,1,0,1,1,,0,1,1,1,1,0,1,1,1,NA,0,0,1,0,NA,NA,NA,NA,NA
3-10,,1,2,3-10-1,1,1,0,1,1,,0,1,0,1,0,1,0,1,0,0,0,0,2,0,0,3,2,NA,3
3-10,,2,2,3-10-2,1,1,0,1,1,,0,1,1,1,1,1,0,1,0,0,0,0,2,0,0,1,0,2,NA
3-11,,1,2,3-11-1,1,1,0,1,1,,0,1,1,0,1,1,0,1,0,0,0,0,2,0,0,1,3,2,NA
3-12,,1,2,3-12-1,1,1,0,1,1,,0,1,1,1,1,1,0,1,0,NA,0,0,1,0,NA,NA,NA,NA,NA
3-15,a,1,2,3-15-a-1,1,1,0,0,1,,0,1,1,0,0,1,0,0,0,0,0,0,2,0,0,0,NA,NA,NA
3-15,b,1,2,3-15-b-1,0,0,0,1,1,,0,1,0,0,0,1,0,1,0,0,0,0,2,0,0,0,3,NA,NA
3-16,,1,2,3-16-1,0,0,0,0,1,,0,1,1,0,1,0,0,1,1,0,0,0,2,0,0,3,3,NA,NA
3-18,,1,2,3-18-1,1,1,0,1,1,,0,1,0,0,0,1,0,0,0,0,0,0,2,0,0,3,0,NA,NA
3-18,,2,2,3-18-2,1,1,0,1,1,,0,1,1,0,1,1,0,1,0,0,0,0,2,0,0,4,4,NA,NA
3-18,,3,2,3-18-3,1,1,0,1,1,,0,1,1,1,0,0,0,1,0,0,0,0,2,0,0,4,4,NA,NA
3-18,,4,2,3-18-4,1,1,0,0,1,,0,NA,NA,NA,NA,NA,NA,0,0,0,0,0,2,0,0,0,4,NA,NA
3-18,,5,2,3-18-5,1,1,0,1,1,,0,1,1,1,1,1,0,1,0,0,0,0,2,0,0,0,0,NA,NA
3-18,,6,2,3-18-6,1,1,0,1,1,,0,1,1,0,1,1,2,1,1,0,0,0,2,0,0,4,0,NA,NA
3-18,,7,2,3-18-7,1,1,0,1,1,0,0,1,1,1,0,1,1,1,0,NA,0,0,2,0,0,NA,NA,NA,NA
3-18,,8,2,3-18-8,1,1,0,1,1,,0,1,1,0,0,1,2,1,0,0,0,0,2,0,0,0,4,NA,NA
3-18,,9,2,3-18-9,1,1,0,1,1,,0,1,0,0,0,1,0,1,0,0,1,0,2,0,1,0,0,NA,NA
3-18,,10,2,3-18-10,1,1,0,1,1,,0,1,1,1,1,1,0,1,0,0,0,0,2,0,0,0,0,NA,NA
3-18,,11,2,3-18-11,1,1,0,1,1,,0,1,1,0,0,1,0,2,0,0,0,0,2,0,0,0,1,NA,NA
3-18,,12,2,3-18-12,1,1,0,1,1,,0,1,1,1,1,1,0,1,0,0,0,0,2,0,0,0,0,NA,NA
3-18,,13,2,3-18-13,1,1,0,1,1,,0,1,1,1,0,1,0,1,0,0,0,0,2,0,0,2,3,3,NA
3-19,,14,2,3-18-14,1,1,0,1,1,,0,1,1,0,1,0,0,1,0,0,0,0,2,1,0,4,0,NA,NA
3-19,,1,2,3-19-1,0,0,0,0,1,,0,1,0,0,0,1,0,0,0,0,0,0,2,0,0,4,0,NA,NA
3-20,,1,2,3-20-1,1,1,0,1,1,,0,1,1,1,1,1,0,1,1,0,0,0,1,0,NA,0,NA,NA,NA
3-20,,2,2,3-20-2,1,1,0,1,1,,0,1,1,0,0,0,0,1,0,0,0,0,2,0,0,3,3,NA,NA
3-21,,1,2,3-21-1,1,1,0,0,1,,0,1,1,0,1,1,2,1,1,0,1,0,2,0,0,0,4,NA,NA
4-1,,1,2,4-1-1,1,1,0,1,1,,0,1,1,1,1,1,1,1,1,0,0,0,2,0,0,2,2,4,2
4-1,,2,2,4-1-2,1,1,0,1,1,,0,1,1,1,0,0,1,0,0,0,0,0,2,0,0,0,0,NA,NA
4-1,,3,2,4-1-3,1,1,0,1,1,,0,1,1,1,1,1,0,1,0,0,0,0,2,0,0,0,0,NA,NA
4-1,,4,2,4-1-4,1,1,0,1,1,,0,1,1,0,0,1,1,1,0,0,0,0,2,0,0,0,0,NA,NA
4-1,,5,2,4-1-5,1,1,0,1,1,,0,1,0,0,0,1,0,1,0,0,0,0,2,0,1,0,1,NA,2
4-1,,6,1,4-1-6,1,1,0,0,0,0,0,1,1,0,0,1,1,NA,0,NA,0,0,0,NA,NA,NA,NA,NA,NA
4-1,,7,2,4-1-7,1,1,0,1,1,,0,1,1,0,1,1,1,1,1,0,0,0,2,0,1,0,0,NA,NA
4-1,,8,2,4-1-8,1,1,0,1,1,,0,1,1,0,0,1,1,1,1,0,0,0,2,0,0,1,1,2,2
4-1,,9,2,4-1-9,1,1,0,1,1,,0,1,1,1,0,1,1,1,1,0,0,0,2,1,1,0,1,NA,2
4-1,,10,2,4-1-10,1,1,0,1,1,,0,0,NA,NA,NA,NA,1,1,1,0,0,0,2,0,1,0,0,NA,NA
4-1,,11,1,4-1-11,1,1,0,0,0,0,0,1,1,1,0,0,0,NA,1,NA,0,0,0,NA,NA,NA,NA,NA,NA
4-1,,12,2,4-1-12,1,1,0,1,1,,0,1,1,1,1,1,0,0,0,0,0,0,2,0,0,0,0,NA,NA
4-1,,13,2,4-1-13,1,1,0,1,1,,0,1,0,0,0,0,0,1,0,0,0,0,2,0,0,0,0,NA,NA
4-1,,14,2,4-1-14,1,1,0,1,1,,0,1,1,1,0,1,0,1,0,0,0,0,2,0,0,NA,0,NA,NA
4-1,,15,1,4-1-15,1,1,0,1,1,,0,1,0,0,0,1,0,1,0,0,0,0,2,0,0,NA,NA,NA,NA
4-1,,16,2,4-1-16,1,1,0,1,1,,0,1,1,0,0,1,0,1,0,0,1,0,2,0,0,4,1,NA,2
4-1,,17,2,4-1-17,1,1,0,1,1,,0,1,1,1,0,1,0,0,0,0,1,0,2,0,0,0,3,NA,NA
4-1,,18,2,4-1-18,1,1,0,1,1,,0,1,1,1,1,0,1,1,1,0,0,0,2,1,1,0,0,NA,NA
4-1,,19,2,4-1-19,1,1,0,1,1,,0,1,1,0,0,1,0,0,0,0,1,0,2,0,0,0,0,NA,NA
4-1,,20,2,4-1-20,1,1,0,1,1,,0,1,1,0,0,0,1,1,1,0,0,0,2,0,1,3,1,NA,2
4-1,,21,2,4-1-21,1,1,0,1,1,,0,1,1,1,1,1,1,1,1,0,0,0,2,1,1,0,0,NA,NA
4-1,,22,2,4-1-22,1,1,0,0,1,,0,1,1,1,0,0,1,1,1,0,0,0,2,1,1,0,1,NA,2
4-1,,23,2,4-1-23,1,1,0,1,1,,0,1,1,1,0,1,1,1,1,0,0,0,2,0,0,NA,NA,NA,NA
4-1,,24,2,4-1-24,1,1,0,1,1,,0,1,1,1,0,1,0,0,0,0,0,0,2,0,0,0,0,NA,NA
4-1,,25,2,4-1-25,1,1,0,1,1,,0,1,0,0,1,1,0,1,0,0,0,0,2,0,0,0,0,NA,NA
4-2,,1,2,4-2-1,1,1,0,1,1,,0,1,0,1,0,1,0,0,0,0,0,0,2,0,0,0,0,NA,NA
4-2,,2,2,4-2-2,1,1,0,0,1,,0,1,0,0,0,1,0,0,0,0,0,0,2,0,0,0,0,NA,NA
4-2,,3,2,4-2-3,1,1,0,0,1,0,0,0,NA,NA,NA,NA,0,1,0,0,0,0,2,0,0,0,1,NA,2
4-2,,4,2,4-2-4,1,1,0,0,1,0,0,0,NA,NA,NA,NA,1,1,1,0,0,0,1,NA,0,NA,0,NA,NA
4-2,,5,2,4-2-5,1,1,0,0,1,,0,1,1,0,0,0,0,1,0,0,0,0,2,0,0,1,3,2,NA
4-2,,6,2,4-2-6,1,1,0,0,1,,0,1,1,0,0,1,0,0,1,0,0,0,2,0,0,0,0,NA,NA
4-3,,1,1,4-3-1,1,1,0,1,0,0,0,1,1,0,0,1,0,NA,0,NA,0,0,0,NA,NA,NA,NA,NA,NA
4-3,,2,2,4-3-2,1,1,0,1,1,,0,1,1,1,1,1,1,1,1,0,0,0,2,0,0,0,0,NA,NA
4-3,,3,2,4-3-3,1,1,0,1,1,,0,1,1,0,1,1,1,1,0,0,NA,0,2,0,1,2,2,3,4
4-4,,1,2,4-4-1,1,1,0,1,1,,0,1,1,0,0,1,0,1,0,0,0,0,2,0,0,3,3,NA,NA
4-4,,2,2,4-4-2,1,1,0,1,1,,0,1,0,0,0,1,0,1,0,0,0,0,2,0,0,0,0,NA,NA
4-4,,3,2,4-4-3,1,1,0,1,1,,0,1,1,1,1,1,1,1,1,0,0,0,2,0,0,0,1,NA,2
4-4,,4,2,4-4-4,1,1,0,1,1,,0,0,NA,NA,NA,NA,0,1,0,0,0,0,2,0,0,3,0,NA,NA
4-5,,1,2,4-5-1,1,1,0,0,1,,0,1,1,1,0,1,0,NA,1,0,0,0,3,0,0,3,0,NA,NA
4-6,,1,?,4-6-1,1,1,0,1,1,,0,1,1,0,1,1,0,1,1,0,0,0,2,0,0,4,4,NA,NA
4-6,,2,?,4-6-2,1,1,0,0,1,,0,1,1,0,0,1,0,1,0,0,0,0,3,0,0,0,0,NA,NA
4-6,,3,?,4-6-3,1,1,0,1,1,,0,1,1,1,1,1,0,1,1,0,0,0,2,0,0,0,0,NA,NA
4-6,,4,?,4-6-4,1,1,0,0,1,,0,1,0,0,0,1,2,1,0,0,0,0,2,0,0,0,0,NA,NA
4-6,,5,?,4-6-5,1,1,0,0,1,,0,0,NA,NA,NA,NA,0,1,0,0,0,0,2,0,0,0,0,NA,NA
4-6,,6,?,4-6-6,1,1,0,0,1,,0,1,0,1,0,1,0,1,0,0,0,0,2,0,0,0,0,NA,NA
4-6,,7,?,4-6-7,1,1,0,0,1,,0,1,1,0,0,1,0,1,0,0,0,0,2,0,0,3,3,NA,NA
4-7,,1,2,4-7-1,1,1,0,0,1,,0,1,1,1,1,1,0,1,1,0,0,0,2,1,0,0,0,NA,NA
4-7,,2,2,4-7-2,1,1,0,0,1,0,0,1,1,0,1,1,0,1,1,0,0,0,2,0,0,2,0,3,NA
4-8,,1,2,4-8-1,1,1,0,0,1,,0,1,1,0,1,0,0,1,0,0,1,0,2,1,0,4,4,NA,NA
4-9,,1,2,4-9-1,1,1,0,1,1,,0,1,1,1,1,1,NA,1,1,0,NA,0,2,0,0,3,3,NA,NA
4-10,,1,2,4-10-1,1,1,0,0,1,,0,1,1,0,0,1,0,1,0,0,0,0,2,0,0,0,1,NA,2
4-10,,2,2,4-10-2,1,1,0,0,1,,0,1,1,0,1,1,0,1,1,0,1,0,2,0,1,4,0,NA,NA
4-10,,3,2,4-10-3,1,1,0,0,1,,0,1,1,1,1,1,0,1,0,0,0,0,2,0,0,1,1,2,2
4-12,,1,2,4-12-1,1,1,0,1,1,,0,1,0,1,0,1,0,0,0,0,0,0,2,0,0,0,0,NA,NA
4-12,,2,2,4-12-2,1,1,0,1,1,,0,1,0,1,0,1,0,1,1,0,0,0,2,0,0,0,0,NA,NA
4-12,,3,1,4-12-3,1,1,0,0,1,,0,1,1,0,0,1,0,1,0,0,0,0,2,0,0,0,0,NA,NA
4-12,,4,2,4-12-4,1,1,0,0,1,,0,1,1,1,1,1,0,1,0,0,1,0,2,0,0,0,3,NA,NA
4-12,,5,2,4-12-5,1,1,0,1,1,,0,1,1,0,0,1,0,1,1,0,1,0,2,0,0,3,0,NA,NA
4-13,,1,2,4-13-1,1,1,0,0,1,,0,1,1,1,1,1,0,1,1,0,0,0,2,0,0,1,0,2,NA
4-13,,2,2,4-13-2,1,1,0,0,1,,0,1,1,0,0,1,0,1,0,0,0,0,2,0,0,0,0,NA,NA
4-13,,3,2,4-13-3,1,1,0,0,1,,0,1,1,2,0,0,0,1,0,0,0,0,2,0,0,0,0,NA,NA
4-13,,4,2,4-13-4,1,1,0,0,1,,0,1,1,0,0,1,0,1,0,0,0,0,2,0,0,4,0,NA,NA
4-13,,5,2,4-13-5,1,1,0,0,1,,0,1,1,0,0,1,0,1,0,0,1,0,2,0,0,0,0,NA,NA
4-13,,6,2,4-13-6,1,1,0,1,1,0,0,0,NA,NA,NA,NA,0,1,0,0,0,0,2,0,0,0,3,NA,NA
4-13,,7,2,4-13-7,1,1,0,0,1,,0,1,1,0,1,1,0,1,0,0,0,0,2,1,0,0,0,NA,NA
4-17,,1,2,4-17-1,1,1,0,0,1,,0,1,0,0,1,1,0,1,1,0,0,1,2,0,0,0,3,NA,NA
4-18,,1,2,4-18-1,1,1,0,0,1,,0,1,1,0,1,1,0,1,1,0,0,0,2,0,0,3,3,NA,NA
4-18,,2,2,4-18-2,1,1,0,0,1,,0,0,NA,NA,NA,NA,0,1,0,0,0,0,2,0,0,0,0,NA,NA
4-18,,3,2,4-18-3,1,1,0,0,1,,0,1,1,0,0,0,0,1,1,0,1,0,2,0,0,0,3,NA,NA
4-18,,4,2,4-18-4,1,1,0,0,1,,0,0,NA,NA,NA,NA,0,0,0,0,0,0,2,0,0,0,0,NA,NA
4-18,,5,2,4-18-5,1,1,0,0,1,,0,1,1,0,1,1,0,1,1,0,1,1,2,0,0,1,4,2,NA
4-19,,1,2,4-19-1,1,1,0,0,1,,0,1,1,0,0,1,1,1,0,0,0,0,2,0,0,4,0,NA,NA
4-19,,2,2,4-19-2,1,1,0,0,1,,0,1,1,0,0,1,0,1,0,0,0,0,2,0,0,2,2,3,2
4-19,,3,2,4-19-3,1,1,0,0,1,,0,0,NA,NA,NA,NA,0,0,0,0,0,0,2,0,0,3,3,NA,NA
4-19,,4,2,4-19-4,1,1,1,1,1,,0,1,0,0,0,1,0,1,0,0,0,0,2,0,0,0,0,NA,NA
4-19,,5,2,4-19-5,1,1,0,NA,0,,0,0,NA,NA,NA,NA,0,1,0,0,0,0,2,0,0,0,0,NA,NA
4-19,,6,2,4-19-6,1,1,0,1,1,,0,1,1,0,1,1,0,1,1,0,0,0,2,0,0,3,0,NA,NA
4-19,,7,2,4-19-7,1,1,0,0,1,,0,2,NA,NA,NA,NA,0,1,0,0,0,0,2,0,0,0,0,NA,NA
4-19,,8,2,4-19-8,1,1,0,0,1,,0,1,1,0,0,1,0,1,0,0,0,0,2,0,0,0,0,NA,NA
4-20,,1,2,4-20-1,1,1,0,1,1,,0,1,1,1,1,0,1,1,1,0,0,0,2,0,1,4,4,NA,NA
4-21,,1,2,4-21-1,1,1,0,0,1,,0,1,1,0,1,0,1,1,1,0,0,0,2,0,0,4,4,NA,NA
4-21,,2,2,4-21-2,1,1,0,1,1,,0,1,1,0,1,1,0,1,1,0,0,0,2,0,0,2,2,3,2
4-22,,1,2,4-22-1,1,1,0,0,1,,0,1,1,0,1,1,0,1,1,0,1,0,2,0,0,0,2,NA,4
4-22,,2,2,4-22-2,1,1,0,0,1,,0,1,1,0,0,1,1,1,1,0,0,0,2,0,0,0,2,NA,4
4-22,,3,2,4-22-3,1,1,0,0,1,,0,1,0,0,0,1,2,1,1,0,0,0,2,0,0,1,0,2,NA
4-22,,4,2,4-22-4,1,1,0,1,1,,0,1,1,1,1,1,0,1,1,0,0,0,2,0,0,0,2,NA,3
4-22,,5,2,4-22-5,1,1,0,0,1,,0,1,0,0,0,1,0,0,0,0,0,0,2,0,0,0,2,NA,3
4-22,,6,2,4-22-6,1,1,0,1,1,,0,1,1,1,1,1,0,1,1,0,0,0,2,0,0,3,0,NA,NA
4-22,,7,2,4-22-7,1,1,0,0,1,,0,1,0,0,0,0,0,1,0,0,0,0,2,0,0,0,0,NA,NA
4-22,,8,2,4-22-8,1,1,0,1,1,,0,1,1,1,0,0,0,1,0,0,0,0,2,0,0,NA,NA,NA,NA
4-22,,9,2,4-22-9,1,1,0,0,1,,0,1,1,0,0,1,0,1,0,0,0,0,2,1,0,NA,0,NA,NA
4-23,,1,2,4-23-1,1,1,0,0,1,,0,1,1,0,0,0,0,1,1,0,0,0,2,0,0,2,4,4,NA
4-23,,2,2,4-23-2,1,1,0,0,1,,0,1,0,0,0,1,0,1,0,0,0,0,2,0,0,0,2,NA,4
4-23,,3,2,4-23-3,1,1,0,0,1,,0,1,0,0,0,1,0,1,0,0,0,0,2,0,0,3,3,NA,NA
4-23,,4,2,4-23-4,1,1,0,0,1,,0,1,1,0,1,1,2,1,0,0,0,0,2,0,0,3,3,NA,NA
4-23,,5,2,4-23-5,1,1,0,0,1,,0,1,0,0,0,1,0,1,0,0,0,0,2,0,1,3,3,NA,NA
4-23,,6,2,4-23-6,1,1,0,0,1,,0,1,0,0,1,0,0,1,0,0,0,0,2,0,0,0,4,NA,NA
4-23,,7,2,4-23-7,1,1,0,0,1,,0,1,0,0,0,0,0,1,0,0,0,0,2,0,0,0,0,NA,NA
4-23,,8,1,4-23-8,1,1,0,1,0,0,0,1,1,1,1,1,1,NA,1,NA,0,0,0,NA,NA,NA,NA,NA,NA
4-23,,9,2,4-23-9,1,1,0,0,1,,0,1,1,0,0,2,0,0,0,0,0,0,2,0,0,0,0,NA,NA
4-23,,10,2,4-23-10,1,1,0,0,1,,0,1,0,0,0,1,0,1,0,0,0,0,2,0,0,2,0,3,NA
4-23,,11,2,4-23-11,1,1,0,0,1,,0,1,1,0,1,1,1,1,1,0,0,0,2,0,0,0,0,NA,NA
4-23,,12,2,4-23-12,1,1,0,0,1,,0,1,1,0,0,1,0,0,0,0,0,0,2,0,0,0,0,NA,NA
4-23,,13,2,4-23-13,1,1,0,0,1,,0,1,1,0,0,1,0,1,1,0,0,0,2,0,0,0,0,NA,NA
4-24,,1,2,4-24-1,1,1,0,0,1,,0,1,1,1,1,1,0,1,1,1,0,0,2,1,0,0,0,NA,NA
4-24,,2,2,4-24-2,1,1,0,0,1,,0,1,1,0,1,0,2,1,0,0,0,0,2,1,0,0,0,NA,NA
4-24,,3,2,4-24-3,1,1,0,0,1,,0,1,1,1,0,1,1,1,0,0,0,0,2,0,0,0,0,NA,NA
4-25,,1,2,4-25-1,1,1,0,0,1,,0,1,1,0,1,1,0,1,0,0,0,1,2,0,0,2,0,3,NA
4-25,,2,2,4-25-2,1,1,0,1,1,,0,1,1,1,1,0,0,1,0,0,0,1,2,0,0,2,2,3,3
4-25,,3,2,4-25-3,1,1,0,1,1,,0,1,1,1,0,1,1,1,0,0,0,0,2,0,0,9,2,0,5
4-26,,1,2,4-26-1,0,0,0,0,1,,0,1,1,0,0,0,0,1,0,0,0,0,2,0,0,2,0,3,NA
4-27,,1,2,4-27-1,0,0,0,1,1,,0,1,0,0,0,1,0,1,0,0,0,0,2,0,0,0,0,NA,NA
4-28,,1,2,4-28-1,1,1,0,0,1,,0,1,1,0,1,1,0,1,1,0,0,1,2,0,0,2,2,2,4
4-29,,1,2,4-29-1,0,0,0,1,1,,0,1,1,1,1,1,0,1,1,0,0,0,2,0,1,2,2,4,4
4-30,,1,2,4-30-1,1,1,0,0,1,,0,1,0,0,0,1,0,1,0,0,0,0,2,0,0,0,0,NA,NA
4-30,,2,1,4-30-2,1,1,0,0,0,0,0,1,1,1,0,1,0,NA,0,NA,0,0,0,NA,NA,NA,NA,NA,NA
4-30,,3,1,4-30-3,1,1,0,0,0,0,0,NA,NA,NA,NA,NA,NA,NA,0,NA,0,0,0,NA,NA,NA,NA,NA,NA
4-31,,1,2,4-31-1,1,1,0,0,1,,0,1,1,1,0,1,0,1,0,0,0,0,2,0,0,0,0,NA,NA
4-31,,2,2,4-31-2,1,1,0,1,1,,0,1,1,1,1,1,0,1,1,0,0,0,2,0,0,4,1,NA,2
4-31,,3,2,4-31-3,1,1,0,1,1,,0,1,0,1,0,1,0,1,0,0,0,1,2,0,0,0,0,NA,NA
4-31,,4,2,4-31-4,1,1,0,1,1,,0,1,0,1,0,1,0,1,0,0,1,0,2,0,0,0,0,NA,NA
4-31,,5,2,4-31-5,1,1,1,1,1,,0,1,1,1,0,1,0,NA,0,0,1,0,2,0,0,0,0,NA,NA
4-32,,1,2,4-32-1,1,1,0,0,1,,0,1,1,0,0,0,1,1,1,0,0,0,2,1,0,0,2,NA,4
4-32,,2,2,4-32-2,1,1,0,1,1,,0,1,1,1,1,1,0,1,1,1,0,0,2,1,1,0,0,NA,NA
4-33,,1,2,4-33-1,1,1,0,0,1,0,0,2,NA,NA,NA,NA,0,1,0,0,0,0,2,0,0,4,4,NA,NA
4-34,,1,2,4-34-1,1,1,0,0,1,,0,2,2,2,2,2,2,1,0,0,0,0,2,0,0,0,0,NA,NA
4-34,,2,2,4-34-2,1,1,0,0,1,,0,1,1,1,1,1,1,1,0,1,0,0,2,0,1,4,3,NA,NA
4-34,,3,2,4-34-3,1,1,0,0,1,,0,1,1,0,0,1,1,1,0,0,0,0,2,0,0,3,0,NA,NA
4-34,,4,2,4-34-4,1,1,0,1,1,,0,1,1,1,0,1,0,1,1,0,0,0,2,0,0,0,0,NA,NA
4-34,,5,2,4-34-5,1,1,0,0,1,,0,1,1,0,1,1,0,1,0,0,0,0,2,0,0,1,3,2,NA
4-34,,6,2,4-34-6,1,1,0,0,1,,0,1,0,1,1,1,1,1,0,0,0,0,2,0,0,NA,4,NA,NA
4-34,,7,2,4-34-7,1,1,0,0,1,,0,0,NA,NA,NA,NA,0,1,1,0,0,0,2,0,0,0,0,NA,NA
4-34,,8,2,4-34-8,1,1,0,0,1,,0,0,NA,NA,NA,NA,0,1,0,0,0,0,2,0,0,0,0,NA,NA
4-34,,9,2,4-34-9,1,1,0,1,1,,0,0,NA,NA,NA,NA,0,1,0,0,0,0,2,0,0,NA,NA,NA,NA
4-34,,10,1,4-34-10,1,1,0,0,1,0,0,NA,NA,NA,NA,NA,NA,0,0,0,0,0,2,0,0,NA,0,NA,NA
4-35,,1,2,4-35-1,1,1,0,1,1,,0,1,1,0,1,1,1,1,1,0,0,0,2,0,0,0,0,NA,NA
4-35,,2,2,4-35-2,1,1,0,0,1,,0,1,1,0,1,1,0,1,1,0,0,0,2,0,1,1,3,2,NA
4-35,,3,2,4-35-3,1,1,0,0,1,,0,1,0,0,0,1,0,1,0,0,0,0,2,1,0,0,0,NA,NA
4-35,,4,2,4-35-4,1,1,0,1,1,,0,1,1,0,1,0,1,1,1,0,0,0,2,1,1,4,0,NA,NA
4-35,,5,2,4-35-5,1,1,0,1,1,,0,1,1,1,1,1,1,1,1,0,0,0,2,1,1,0,0,NA,NA
4-37,,1,2,4-37-1,1,1,0,1,1,,0,1,1,1,0,1,0,1,1,0,0,0,2,0,0,0,4,NA,NA
4-37,,2,2,4-37-2,1,1,0,1,1,,0,1,0,0,0,1,0,1,0,0,0,0,2,0,0,0,0,NA,NA
4-38,,1,2,4-38-1,1,0,0,0,1,,0,1,0,1,0,1,0,1,0,0,0,0,2,0,0,1,0,2,NA
4-38,,2,2,4-38-2,1,0,0,1,1,,0,2,???,???,???,???,2,1,0,0,0,0,2,0,0,4,0,NA,NA
4-39,,1,2,4-39-1,1,1,0,1,1,,0,1,1,1,1,0,0,1,0,0,0,0,2,0,0,3,3,NA,NA
4-39,,2,2,4-39-2,1,1,0,1,1,,0,1,1,1,0,1,0,1,1,0,0,0,2,0,0,0,0,NA,NA
4-39,,3,2,4-39-3,1,1,0,1,1,,0,1,1,1,1,1,0,1,1,0,1,0,2,0,0,2,2,4,5
4-39,,4,2,4-39-4,1,1,0,0,1,,0,1,1,0,0,1,1,1,0,0,0,0,2,0,0,3,3,NA,NA
4-40,,1,2,4-40-1,1,1,0,0,1,,0,1,1,1,1,1,1,1,0,0,1,0,2,0,0,0,0,NA,NA
4-41,,1,,4-41-1,1,1,0,0,1,,0,1,1,0,1,0,0,1,0,0,0,0,2,0,0,0,0,NA,NA
4-41,,2,,4-41-2,1,1,0,1,1,,0,1,2,0,1,0,0,1,0,0,1,0,2,0,1,0,0,NA,NA
4-43,,1,,4-43-1,1,1,0,0,1,,0,1,1,0,0,1,1,1,0,0,0,0,2,0,0,0,4,NA,NA
4-43,,2,,4-43-2,1,1,0,0,1,,0,1,1,1,0,1,0,0,0,0,0,0,2,0,0,0,0,NA,NA
4-43,,3,,4-43-3,1,1,0,0,1,,0,1,1,0,1,1,0,1,0,0,0,1,2,0,0,0,0,NA,NA
4-43,,4,,4-43-4,1,1,0,0,1,,0,1,1,1,0,1,0,1,0,0,0,1,2,0,0,0,0,NA,NA
4-43,,5,,4-43-5,1,1,0,0,1,,0,1,1,1,1,1,0,1,0,0,0,1,2,0,0,0,3,NA,NA
4-43,,6,,4-43-6,1,1,0,0,1,,0,1,1,1,1,1,0,1,0,0,0,0,2,0,0,4,0,NA,NA
4-44,а,1,2,4-44-а-1,0,0,0,0,1,,0,1,1,2,0,0,1,1,0,0,0,0,2,0,0,0,0,NA,NA
4-44,с,1,2,4-44-с-1,0,0,0,0,1,,0,1,1,0,0,0,2,1,0,0,0,0,2,0,0,0,0,NA,NA
4-44,d,1,2,4-44-d-1,0,0,0,0,1,,0,1,0,1,0,1,0,1,0,0,0,0,2,0,0,0,0,NA,NA
4-44,e,1,2,4-44-e-1,1,1,0,0,1,,0,1,1,0,0,1,0,2,0,0,0,0,2,0,0,4,4,NA,NA
4-44,e,2,2,4-44-e-2,1,1,0,0,1,,0,1,1,0,0,1,0,1,0,0,0,1,2,0,0,0,0,NA,NA
4-44,e,3,2,4-44-e-3,1,1,0,0,1,,0,1,1,1,0,1,0,1,0,0,0,0,2,0,0,0,0,NA,NA
4-44,f,1,2,4-44-f-1,1,1,0,0,1,,0,1,1,1,0,1,0,1,1,0,0,0,2,0,0,0,0,NA,NA
4-45,,1,2,4-45-1,1,1,0,1,1,,0,1,0,0,1,1,0,1,1,0,0,0,2,0,0,0,0,NA,NA
4-45,,2,2,4-45-2,1,1,0,0,1,,0,1,1,0,1,1,0,2,1,0,0,0,2,0,0,0,3,NA,NA
4-45,,3,2,4-45-3,1,1,0,1,1,,0,1,1,0,1,1,0,1,1,1,0,0,2,1,1,0,0,NA,NA
4-45,,4,1,4-45-4,1,1,0,1,1,,0,1,1,1,0,1,1,1,0,1,0,0,2,0,1,4,0,NA,NA
4-45,,5,2,4-45-5,1,1,0,1,0,,0,1,1,0,0,2,0,1,0,0,0,0,2,1,0,4,0,NA,NA
4-47,,1,2,4-47-1,0,0,0,0,1,,0,1,0,0,0,1,0,0,0,0,0,1,4,0,0,1,1,NA,2
4-49,,1,2,4-49-1,1,1,0,0,1,,0,1,1,0,0,1,0,1,1,0,0,0,2,0,0,3,3,NA,NA
4-49,,2,2,4-49-2,1,1,0,1,1,,0,1,1,0,1,1,0,1,0,0,0,0,2,0,0,0,0,NA,NA
4-49,,3,2,4-49-3,1,1,0,1,1,,0,1,1,1,0,1,0,1,0,0,0,0,2,0,0,3,0,NA,NA
4-49,,4,2,4-49-4,1,1,0,0,1,,0,1,0,1,0,1,0,0,0,0,0,0,2,0,0,0,0,NA,NA
4-49,,5,2,4-49-5,1,1,0,0,1,,0,2,???,???,???,???,0,1,0,0,0,0,2,0,0,0,0,NA,NA
4-50,,1,2,4-50-1,1,1,0,0,1,,0,1,1,0,0,1,0,1,1,0,0,0,2,0,0,NA,NA,NA,NA
4-50,,2,2,4-50-2,1,1,0,0,1,,0,1,1,0,0,1,0,1,0,0,0,0,2,0,0,0,0,NA,NA
4-51,,1,2,4-51-1,1,1,0,1,1,,0,1,1,0,1,1,0,1,0,0,0,1,2,0,0,0,0,NA,NA
4-54,,1,1,4-54-1,1,1,0,0,0,0,0,1,1,0,0,0,1,1,1,NA,0,0,0,NA,NA,NA,NA,NA,NA
4-54,,2,2,4-54-2,1,1,0,0,1,,0,1,1,0,0,1,1,1,1,0,1,0,2,0,1,0,0,NA,NA
4-55,,1,2,4-55-1,1,1,0,0,1,,0,1,0,1,0,1,0,0,0,0,NA,0,2,0,0,3,3,NA,NA
4-57,,1,2,4-57-1,1,1,0,1,1,,0,1,1,1,1,1,1,1,0,0,0,0,2,0,0,0,0,NA,NA
4-57,,2,2,4-57-2,1,1,0,1,1,,0,1,1,1,1,1,0,1,1,0,0,0,2,0,0,0,0,NA,NA
4-57,,3,2,4-57-3,1,1,0,0,1,,0,1,0,0,1,1,1,1,1,0,NA,0,2,0,0,0,0,NA,NA
4-57,,4,2,4-57-4,1,1,0,0,1,,0,1,1,1,1,1,1,1,1,0,0,0,2,0,1,0,0,NA,NA
4-57,,5,2,4-57-5,1,1,0,1,1,,0,1,1,1,0,0,0,1,0,0,0,0,2,0,0,4,4,NA,NA
4-57,,6,2,4-57-6,1,1,0,0,1,,0,1,1,0,1,1,1,1,1,0,0,0,2,0,0,0,NA,NA,NA
4-57,,7,2,4-57-7,1,1,0,0,1,,0,1,1,0,0,1,0,1,1,0,0,0,2,0,0,0,NA,NA,NA
4-57,,8,2,4-57-8,1,1,0,0,1,,0,1,0,0,0,1,0,1,0,0,0,0,2,0,0,0,0,NA,NA
4-57,,9,2,4-57-9,1,1,0,0,1,,0,1,1,1,0,1,0,1,0,0,0,0,2,0,0,0,0,NA,NA
4-58,,1,2,4-58-1,1,1,0,0,1,,0,1,1,0,0,1,0,0,0,0,0,1,2,0,0,NA,0,NA,NA
4-59,,1,2,4-59-1,1,1,0,0,1,,0,1,0,0,0,1,0,1,0,0,0,0,2,0,0,0,0,NA,NA
4-61,,1,2,4-61-1,1,1,0,0,1,,0,1,1,0,1,1,0,1,0,0,1,0,2,0,1,1,1,2,2
4-64,,1,2,4-64-1,0,0,0,1,1,0,0,1,0,0,0,0,0,1,0,0,0,0,2,1,0,0,0,NA,NA
4-69,a,1,2,4-69-a-1,1,1,0,0,1,,0,1,1,0,0,0,0,1,0,0,0,0,2,0,0,0,0,NA,NA
4-69,a,2,2,4-69-a-2,1,1,0,0,1,,0,1,1,1,1,1,0,1,0,0,0,0,2,0,0,0,4,NA,NA
4-69,a,3,2,4-69-a-3,1,1,0,1,1,,0,1,1,0,0,1,0,1,0,0,0,0,2,0,0,2,0,2,NA
4-69,a,4,2,4-69-a-4,1,1,0,0,1,,0,1,1,0,1,1,0,1,1,0,1,1,2,0,0,0,2,NA,2
4-69,a,5,2,4-69-a-5,1,1,0,0,1,,0,1,1,1,1,1,1,1,0,0,0,0,2,0,0,3,1,NA,2
4-69,a,6,2,4-69-a-6,1,1,0,1,1,,1,1,1,1,1,0,0,1,1,0,0,0,2,0,0,0,0,NA,NA
4-69,a,7,2,4-69-a-7,1,1,0,0,1,,0,1,1,1,1,1,1,1,1,0,0,0,2,0,0,2,2,4,4
4-69,b,1,2,4-69-b-1,1,1,0,1,1,,0,1,1,0,1,1,0,1,0,0,0,0,2,0,0,2,2,4,4
4-69,b,2,2,4-69-b-2,1,1,0,1,1,,0,1,0,0,0,0,0,1,0,0,0,0,2,1,0,0,0,NA,NA
4-70,a,1,2,4-70-a-1,1,1,0,0,1,,0,1,1,0,1,0,1,1,0,0,1,0,2,0,0,0,0,NA,NA
4-70,b,1,2,4-70-b-1,0,0,0,1,1,,0,1,1,1,1,1,0,1,0,0,0,0,2,0,0,0,0,NA,NA
4-71,,1,2,4-71-1,1,1,0,0,1,,0,1,0,0,1,1,1,1,1,0,0,0,2,0,0,2,2,4,3
4-72,,1,2,4-72-1,1,1,0,0,1,,0,1,0,0,0,1,0,1,0,0,1,0,4,0,0,0,0,NA,NA
4-76,,1,2,4-76-1,1,1,0,0,1,,0,1,1,0,1,1,1,1,1,0,0,0,2,0,0,1,1,2,2
4-76,,2,2,4-76-2,1,1,0,0,1,,0,1,1,1,1,1,0,1,0,0,1,0,2,0,0,0,NA,NA,NA
4-77,,1,2,4-77-1,1,1,0,1,1,,0,1,1,0,0,1,0,1,0,0,0,0,2,0,0,2,2,4,4
4-77,,2,2,4-77-2,1,1,0,0,1,,0,1,1,1,1,1,0,1,1,0,0,0,2,0,0,2,2,4,4
4-77,,3,2,4-77-3,1,1,0,0,1,,0,1,1,0,1,1,0,1,0,0,0,0,2,0,0,2,2,4,4
4-77,,4,2,4-77-4,1,1,0,0,1,,0,1,1,0,1,1,0,1,0,0,0,0,2,0,0,1,0,2,NA
4-77,,5,2,4-77-5,1,1,0,0,1,,0,1,1,0,1,1,0,1,0,0,0,0,2,0,0,0,0,NA,NA
4-77,,6,2,4-77-6,1,1,0,0,1,,0,1,0,0,1,1,2,1,0,0,0,0,2,0,0,0,0,NA,NA
4-77,,7,2,4-77-7,1,1,0,0,1,,0,1,1,1,1,1,0,1,0,0,0,0,2,0,0,3,0,NA,NA
4-77,,8,2,4-77-8,1,1,0,0,1,,0,1,0,1,0,1,0,1,0,0,0,0,2,0,0,0,0,NA,NA
4-78,,1,2,4-78-1,0,0,0,1,1,,0,1,0,0,0,1,0,0,0,0,0,0,2,0,0,0,2,NA,2
4-80,,1,2,4-80-1,0,0,0,0,1,,0,1,1,1,1,1,1,1,1,0,1,0,2,0,0,1,1,2,2
4-81,,1,2,4-81-1,0,0,0,0,1,,0,0,NA,NA,NA,NA,0,1,0,0,0,0,2,0,0,0,0,NA,NA
4-82,,1,2,4-82-1,1,1,0,0,1,,0,1,1,2,1,1,1,1,1,0,0,0,2,1,0,0,0,NA,NA
4-83,,1,2,4-83-1,1,1,0,1,1,,0,1,1,1,1,1,1,1,1,0,1,0,2,0,1,2,2,4,3
4-84,,1,2,4-84-1,1,1,0,0,1,,0,1,0,0,0,1,0,1,0,0,0,0,2,0,0,0,0,NA,NA
4-85,,1,2,4-85-1,1,1,0,0,1,,0,1,1,1,1,0,1,1,1,0,0,0,2,1,1,0,1,NA,2
4-86,,1,2,4-86-1,NA,NA,0,1,1,,0,1,1,0,1,0,0,1,1,1,0,0,2,1,1,1,1,2,2
4-89,,1,2,4-89-1,1,1,0,1,1,,0,2,???,???,???,???,2,1,0,0,0,0,2,0,0,0,0,NA,NA
5-3,,1,2,5-3-1,1,1,0,1,1,,0,1,0,0,0,0,0,1,0,0,0,0,2,0,0,0,0,NA,NA
5-3,,2,2,5-3-2,1,1,0,0,1,,0,1,1,1,1,1,0,1,0,0,0,0,2,0,0,4,0,NA,NA
5-3,,3,2,5-3-3,1,1,0,0,1,,0,1,1,0,1,0,1,1,0,0,0,1,2,0,1,2,2,4,2
5-3,,4,2,5-3-4,1,1,0,0,1,,0,1,0,0,1,1,0,0,0,0,0,0,2,0,0,4,2,NA,2
5-3,,5,2,5-3-5,1,1,0,NA,0,0,0,2,???,???,???,???,2,1,0,0,0,0,2,1,0,0,0,NA,NA
5-3,,6,2,5-3-6,1,1,0,1,1,,0,1,1,0,1,0,0,1,0,0,0,0,2,0,0,3,3,NA,NA
5-4,,1,2,5-4-1,1,1,0,0,1,,0,1,1,0,1,1,0,1,1,0,0,0,2,0,1,1,1,2,2
5-4,,2,2,5-4-2,1,1,0,0,1,,0,0,NA,NA,NA,NA,0,1,0,0,0,0,2,0,0,4,0,NA,NA
5-4,,3,2,5-4-3,1,1,0,1,1,,0,1,1,0,1,1,0,1,0,0,0,0,2,0,0,0,0,NA,NA
5-4,,4,2,5-4-4,1,1,0,0,1,,0,1,0,1,0,1,0,1,0,0,0,0,2,0,0,2,2,4,4
5-4,,5,2,5-4-5,1,1,0,1,1,,0,1,1,0,0,1,0,1,1,0,0,0,2,0,0,0,0,NA,NA
5-4,,6,2,5-4-6,1,1,0,1,1,,0,1,1,0,0,0,1,1,1,1,0,0,2,1,1,1,1,2,2
5-6,,1,1,5-6-1,1,1,0,0,0,,0,1,1,0,0,0,0,1,0,0,0,0,1,NA,0,NA,0,NA,NA
5-6,,2,2,5-6-2,1,1,0,1,1,,0,1,1,0,0,1,0,2,0,0,0,0,2,0,0,0,0,NA,NA
5-6,,3,2,5-6-3,1,1,0,1,1,,0,1,1,1,0,1,0,1,0,0,0,0,2,0,0,3,3,NA,NA
5-6,,4,2,5-6-4,1,1,0,1,1,,0,1,0,0,0,1,1,1,0,0,0,0,2,0,0,3,3,NA,NA
5-7,,1,2,5-7-1,1,1,0,0,1,,0,1,0,0,1,0,0,1,0,0,0,0,2,0,0,0,0,NA,NA
5-8,a,1,2,5-8-a-1,1,1,0,0,1,,0,1,0,0,0,1,0,1,0,0,0,0,2,0,0,4,4,NA,NA
5-8,b,1,2,5-8-b-1,1,NA,0,0,1,,0,1,1,0,1,1,0,1,0,0,0,0,2,0,0,0,0,NA,NA
5-8,b,2,2,5-8-b-2,1,NA,0,0,1,,0,1,1,0,1,1,1,1,0,0,0,0,2,0,0,3,3,NA,NA
5-8,b,3,2,5-8-b-3,1,NA,0,0,1,,0,1,1,0,0,1,0,1,0,0,0,0,2,0,0,0,0,NA,NA
5-8,b,4,2,5-8-b-4,1,NA,0,1,0,,0,2,???,???,???,???,???,???,0,NA,0,0,NA,NA,NA,NA,NA,NA,NA
5-8,b,5,2,5-8-b-5,1,NA,0,0,0,0,0,1,0,0,0,1,1,0,0,NA,0,0,1,NA,0,NA,3,NA,NA
5-8,b,6,2,5-8-b-6,1,NA,0,0,0,0,0,NA,NA,NA,NA,NA,NA,1,0,0,0,0,2,0,0,3,3,NA,NA
5-10,,1,2,5-10-1,1,1,0,0,1,,0,1,1,1,0,1,0,1,1,0,0,0,2,0,1,3,3,NA,NA
5-10,,2,2,5-10-2,1,1,0,0,1,,0,1,1,0,1,1,1,1,1,0,0,0,2,0,0,0,0,NA,NA
5-11,,1,2,5-11-1,1,1,0,0,1,,0,1,0,1,1,1,0,1,0,0,0,0,2,0,0,2,2,4,4
5-12,,1,2,5-12-1,1,1,0,0,1,,0,1,1,0,1,1,0,1,1,0,0,0,2,0,0,2,2,4,4
5-12,,2,2,5-12-2,1,1,0,1,1,,0,1,1,0,1,1,0,1,0,0,0,1,2,0,0,2,2,4,4
5-12,,3,2,5-12-3,1,1,0,1,1,,0,1,1,0,1,1,1,1,0,0,0,0,2,0,0,0,0,NA,NA
5-12,,4,2,5-12-4,1,1,0,0,1,,0,1,1,0,1,1,0,1,0,0,0,0,2,0,0,0,0,NA,NA
5-13,,1,2,5-13-1,1,1,0,0,1,,0,1,0,0,0,1,1,1,0,0,0,0,2,0,0,1,0,2,NA
5-13,,2,2,5-13-2,1,1,0,0,1,,0,1,1,1,1,1,1,1,0,0,0,1,2,0,0,1,0,2,NA
5-13,,3,2,5-13-3,1,1,0,0,1,,0,1,0,1,0,1,2,1,0,0,0,0,2,0,0,3,3,NA,NA
5-14,,1,1,5-14-1,1,1,0,0,1,,0,1,1,0,0,0,1,1,0,0,0,0,2,0,0,NA,NA,NA,NA
5-16,,1,2,5-16-1,1,1,0,0,1,,0,1,1,1,1,1,1,1,1,0,1,0,2,0,0,2,2,4,4
5-17,,1,1,5-17-1,1,NA,0,0,1,,0,1,1,0,0,1,NA,1,1,0,0,0,2,0,0,2,0,2,NA
5-17,,2,1,5-17-2,1,NA,0,0,0,0,0,1,1,0,NA,NA,NA,1,0,NA,0,0,1,0,NA,NA,NA,NA,NA
5-20,a,1,2,5-20-a-1,1,1,0,0,1,,0,1,0,1,0,1,0,1,0,0,0,0,2,1,0,2,2,4,2
5-20,b,1,2,5-20-b-1,0,0,0,0,1,,0,0,NA,NA,NA,NA,0,1,0,0,0,0,2,0,0,0,0,NA,NA
5-21,,1,2,5-21-1,1,1,0,1,1,,0,1,1,0,0,1,0,1,0,0,0,0,2,0,0,0,0,NA,NA
5-21,,2,2,5-21-2,1,1,0,1,1,,0,1,1,1,0,1,0,1,0,0,0,0,2,0,0,3,3,NA,NA
5-21,,3,2,5-21-3,1,1,0,1,1,,0,0,NA,NA,NA,NA,0,1,0,0,0,0,2,0,0,3,3,NA,NA
5-22,,1,2,5-22-1,1,1,0,0,1,,0,1,0,0,0,1,1,1,0,0,0,0,2,0,0,0,4,NA,NA
5-23,,1,2,5-23-1,1,1,0,0,1,,0,1,1,0,0,1,0,1,0,0,0,0,2,0,0,3,0,NA,NA
5-23,,2,2,5-23-2,1,1,0,0,1,,0,1,1,0,1,1,0,1,0,0,0,0,2,0,0,0,0,NA,NA
5-23,,3,2,5-23-3,1,1,0,0,1,,0,1,1,0,1,1,0,1,0,0,0,0,2,0,0,0,0,NA,NA
5-23,,4,2,5-23-4,1,1,0,0,1,,0,1,1,1,1,1,0,1,0,0,0,0,2,0,0,0,0,NA,NA
5-23,,5,2,5-23-5,1,1,0,0,1,,0,1,1,1,1,1,1,1,1,0,0,0,2,0,1,4,4,NA,NA
5-23,,6,2,5-23-6,1,1,0,0,1,,0,1,1,0,1,1,0,1,1,0,0,0,2,0,0,0,0,NA,NA
5-23,,7,2,5-23-7,1,1,0,0,1,,0,1,1,0,1,1,1,1,1,0,1,0,2,0,0,4,0,NA,NA
5-24,,1,2,5-24-1,1,NA,0,0,1,,0,1,1,0,1,1,0,1,0,0,0,0,2,0,0,0,0,NA,NA
5-24,,2,2,5-24-2,1,NA,0,0,1,,0,1,1,0,0,1,2,0,0,0,0,0,2,0,0,0,0,NA,NA
5-26,,1,2,5-26-1,1,1,0,1,1,,0,1,1,0,1,1,0,0,1,0,0,0,2,0,0,1,1,2,2
5-26,,2,2,5-26-2,1,1,0,1,1,,0,1,1,1,1,1,1,1,1,0,1,0,2,1,1,0,0,NA,NA
5-27,,1,2,5-27-1,1,1,0,1,1,,0,1,1,0,1,1,1,1,0,0,0,0,2,0,0,2,2,4,4
5-27,,2,2,5-27-2,1,1,0,1,1,,0,1,0,1,1,1,0,1,0,0,0,0,2,0,0,0,0,NA,NA
5-28,,1,2,5-28-1,1,1,0,0,1,,0,1,0,0,0,1,0,0,0,0,0,0,2,0,0,0,0,NA,NA
5-30,,1,2,5-30-1,1,1,0,0,1,,0,1,1,0,0,1,0,1,0,0,0,0,2,0,0,2,2,3,3
5-31,,1,2,5-31-1,1,1,0,0,1,,0,1,0,0,1,1,0,1,0,0,,0,2,0,0,0,NA,NA,NA
5-32,,1,2,5-32-1,1,1,0,0,1,,0,1,0,0,1,0,0,1,0,0,1,1,2,0,0,3,3,NA,NA
5-34,,1,2,5-34-1,1,NA,0,1,1,,0,1,0,0,0,1,0,1,0,0,0,0,2,0,1,4,4,NA,NA
5-34,,2,2,5-34-2,1,NA,0,1,1,,0,1,0,0,0,1,0,0,0,0,0,0,2,0,0,4,3,NA,NA
5-37,,1,2,5-37-1,0,0,0,1,1,,0,1,1,0,1,1,0,1,0,0,0,0,2,0,0,NA,4,NA,NA
5-40,,1,1,5-40-1,1,1,0,0,0,0,0,1,1,1,0,1,0,NA,0,0,0,0,1,0,NA,0,NA,NA,NA
5-44,,1,2,5-44-1,1,NA,0,0,1,,0,1,0,0,0,0,0,1,0,0,0,0,2,0,0,0,0,NA,NA
6-1,,1,2,6-1-1,1,1,0,1,1,,0,1,0,1,1,1,0,1,1,0,0,0,2,1,1,3,3,NA,NA
6-1,,2,2,6-1-2,1,1,0,1,1,,0,1,1,0,1,1,0,1,1,0,1,0,2,0,0,4,4,NA,NA
6-1,,3,2,6-1-3,1,1,0,1,1,,0,1,0,0,1,1,1,0,0,0,0,0,1,0,NA,4,NA,NA,NA
6-1,,4,2,6-1-4,1,1,0,1,1,,0,1,1,1,1,1,0,1,0,0,0,0,2,0,0,1,1,2,2
6-1,,5,1,6-1-5,1,1,0,1,0,0,0,0,NA,NA,NA,NA,2,1,0,0,0,0,2,0,0,0,0,NA,NA
6-1,,6,2,6-1-6,1,1,0,1,1,,0,1,1,0,1,1,1,1,1,0,0,0,2,0,0,3,3,NA,NA
6-1,,7,2,6-1-7,1,1,0,0,1,,0,1,0,0,1,1,0,1,0,0,0,0,2,0,1,3,3,NA,NA
6-1,,8,2,6-1-8,1,1,0,1,1,,0,1,1,1,1,1,0,1,0,0,1,0,2,0,1,0,0,NA,NA
6-1,,9,2,6-1-9,1,1,0,0,1,,0,1,1,1,1,1,0,1,0,0,0,0,2,0,0,NA,0,NA,NA
6-1,,10,2,6-1-10,1,1,0,1,1,,0,1,1,1,1,1,0,1,0,0,0,0,2,1,0,0,0,NA,NA
6-1,,11,2,6-1-11,1,1,0,0,1,,0,2,0,0,0,0,2,1,0,0,0,0,2,0,0,4,0,NA,NA
6-2,a,1,2,6-2-a-1,NA,NA,0,1,1,,0,1,0,1,0,1,0,1,0,0,0,0,2,1,0,0,0,NA,NA
6-2,b,1,2,6-2-b-1,1,1,0,0,1,,0,1,0,0,0,1,0,1,0,0,0,0,2,1,0,0,0,NA,NA
6-2,e,1,1,6-2-e-1,1,1,0,0,1,,0,1,0,0,1,1,1,1,0,0,0,0,2,0,0,0,NA,NA,NA
6-2,f,1,2,6-2-f-1,1,1,0,1,1,,0,1,0,0,0,1,0,0,0,0,0,0,2,1,1,3,1,NA,2
6-2,f,2,2,6-2-f-2,1,1,0,1,1,,0,1,1,0,0,1,0,1,0,0,0,0,2,0,0,0,0,NA,NA
6-2,f,3,2,6-2-f-3,1,1,0,0,1,,0,1,0,0,1,1,1,1,0,0,0,0,2,0,0,0,0,NA,NA
6-2,f,4,2,6-2-f-4,1,1,0,0,1,,0,1,1,1,1,1,0,1,1,0,0,0,2,0,0,1,1,2,2
6-2,g,1,2,6-2-g-1,1,1,0,0,1,,0,1,1,0,1,1,0,1,0,0,0,1,2,0,0,0,0,NA,NA
6-2,g,2,2,6-2-g-2,1,1,0,0,1,,0,1,0,0,0,1,0,1,0,0,0,0,2,0,0,0,0,NA,NA
6-2,g,3,2,6-2-g-3,1,1,0,0,1,,0,1,1,1,1,1,0,1,1,0,0,0,2,1,1,0,0,NA,NA
6-5,a,1,2,6-5-a-1,1,0,0,1,1,,0,1,0,1,0,1,0,1,0,0,0,0,2,0,0,4,0,NA,NA
6-5,a,2,2,6-5-a-2,1,0,0,1,1,,0,1,0,0,0,1,0,0,0,0,0,0,2,0,0,0,NA,NA,NA
6-5,a,3,2,6-5-a-3,1,1,0,0,1,,0,1,1,0,0,1,0,1,0,0,0,0,2,0,0,0,NA,NA,NA
6-5,b,1,2,6-5-b-1,1,1,0,0,1,,0,1,1,0,1,1,0,1,1,0,1,0,2,0,0,2,2,2,4
6-5,b,2,2,6-5-b-2,1,1,0,0,1,,0,1,0,1,1,1,0,1,0,0,0,0,2,0,0,0,2,NA,4
6-5,b,3,1,6-5-b-3,1,1,0,1,1,,0,1,1,0,1,1,0,1,0,0,0,1,2,0,0,0,0,NA,NA
6-5,b,4,2,6-5-b-4,1,1,0,0,1,,0,1,1,1,0,1,1,1,0,0,0,0,2,0,0,1,NA,2,NA
6-6,a,1,2,6-6-a-1,1,1,0,1,1,,0,1,1,0,1,1,1,1,1,0,0,0,2,0,0,1,1,2,2
6-6,a,2,2,6-6-a-2,1,1,0,1,1,,0,1,0,0,0,1,0,1,0,0,0,0,2,0,0,0,4,NA,NA
6-6,d,1,1,6-6-d-1,1,NA,0,NA,0,,0,1,0,0,0,1,0,1,0,0,0,0,2,0,0,0,0,NA,NA
6-7,,1,2,6-7-1,1,1,0,1,1,,0,1,0,0,1,1,0,1,0,0,0,0,2,1,0,0,0,NA,NA
6-7,,2,2,6-7-2,1,1,0,1,1,,0,1,0,0,0,1,0,1,0,0,0,0,2,0,0,3,3,NA,NA
6-7,,3,2,6-7-3,1,1,0,0,1,,0,1,1,1,1,1,0,0,0,0,0,0,2,0,0,0,4,NA,NA
6-7,,4,2,6-7-4,1,1,0,1,1,,0,0,NA,NA,NA,NA,0,1,0,0,0,0,2,0,0,3,3,NA,NA
6-7,,5,1,6-7-5,1,1,0,1,0,0,0,NA,NA,NA,NA,NA,NA,NA,0,NA,0,0,0,NA,NA,NA,NA,NA,NA
6-7,,6,2,6-7-6,1,1,0,1,1,,0,1,1,1,0,1,0,1,1,0,0,0,2,0,1,0,0,NA,NA
6-7,,7,2,6-7-7,1,1,0,1,1,,0,1,1,0,1,0,0,1,0,0,0,0,2,0,0,4,0,NA,NA
6-8,,1,2,6-8-1,1,1,0,0,1,,0,1,0,0,0,1,2,1,0,0,0,0,2,0,0,0,0,NA,NA
6-8,,2,2,6-8-2,1,1,0,0,1,,0,1,0,0,0,1,0,1,0,0,0,0,2,0,0,0,0,NA,NA
6-8,,3,2,6-8-3,1,1,0,1,0,,0,1,1,1,1,0,1,1,1,0,0,0,2,0,0,NA,1,NA,NA
6-8,,4,2,6-8-4,1,1,0,0,1,,0,1,0,0,1,1,0,1,0,0,0,0,2,0,0,0,2,NA,4
6-8,,5,2,6-8-5,1,1,0,1,1,,0,1,0,0,0,1,2,0,0,0,0,0,2,0,0,0,0,NA,NA
6-8,,6,2,6-8-6,1,1,0,0,1,,0,1,0,0,0,1,0,1,0,0,0,0,2,1,0,1,NA,2,NA
6-9,,1,2,6-9-1,1,1,0,0,1,,0,1,0,0,0,1,0,0,0,0,0,0,2,0,0,0,0,NA,NA
6-9,,2,2,6-9-2,1,1,0,0,0,,0,1,1,0,0,1,0,1,0,0,0,0,2,0,0,0,1,NA,2
6-9,,3,2,6-9-3,1,1,0,0,0,,0,1,1,0,1,1,1,0,0,0,0,0,2,0,0,0,1,NA,2
6-9,,4,2,6-9-4,1,1,0,0,1,,0,1,1,1,1,1,0,1,1,0,0,0,2,0,0,0,0,NA,NA
6-9,,5,2,6-9-5,1,1,0,0,0,,0,1,1,0,0,1,0,1,0,0,0,0,2,0,0,0,0,NA,NA
6-9,,6,2,6-9-6,1,1,1,0,1,,0,1,1,1,1,1,0,1,1,0,0,0,3,0,1,0,0,NA,NA
6-9,,7,2,6-9-7,1,1,0,0,1,,0,1,0,0,0,1,1,1,0,0,0,0,2,0,0,4,0,NA,NA
6-9,,8,2,6-9-8,1,1,0,0,1,,0,1,1,1,1,1,0,1,0,0,0,0,2,0,0,0,NA,NA,NA
6-9,,9,2,6-9-9,1,1,0,1,0,,0,1,1,1,0,1,0,1,0,0,0,0,2,0,0,0,NA,NA,NA
6-9,,10,2,6-9-10,1,1,0,0,1,,0,1,1,1,1,1,0,1,0,0,0,1,2,0,0,0,0,NA,NA
6-9,,11,2,6-9-11,1,1,0,0,1,,0,1,1,1,1,1,0,1,0,0,0,0,2,0,0,2,2,4,4
6-9,,12,2,6-9-12,1,1,0,0,1,,0,1,1,0,1,1,1,1,0,0,0,0,2,0,0,4,0,NA,NA
6-9,,13,2,6-9-13,1,1,0,0,1,,0,1,1,0,1,1,1,1,0,0,0,0,2,0,0,0,0,NA,NA
6-10,,1,2,6-10-1,1,1,0,0,1,,0,1,0,1,0,1,0,1,0,0,1,0,2,0,1,0,0,NA,NA
6-10,,2,2,6-10-2,1,1,0,0,1,,0,1,0,0,1,1,0,1,1,0,0,0,2,0,0,2,2,4,4
6-10,,3,2,6-10-3,1,1,0,0,1,,0,1,1,0,1,1,0,1,1,0,1,0,2,0,0,3,3,NA,NA
6-10,,4,2,6-10-4,1,1,0,0,1,,0,1,0,1,1,1,0,1,1,0,1,0,2,0,0,2,2,4,4
6-10,,5,2,6-10-5,1,1,0,0,1,,0,1,1,0,1,1,0,1,1,0,1,0,2,0,0,2,2,4,4
6-10,,6,2,6-10-6,1,1,0,0,1,,0,1,0,1,1,1,0,1,1,0,0,0,2,0,0,0,0,NA,NA
6-10,,7,2,6-10-7,1,1,0,0,1,,0,1,1,1,1,1,1,1,1,0,1,0,2,0,0,0,4,NA,NA
6-11,a,1,2,6-11-a-1,1,1,0,1,1,,0,1,1,0,1,1,0,1,1,0,0,0,2,1,1,0,0,NA,NA
6-11,a,2,2,6-11-a-2,1,1,0,1,1,,0,1,1,0,1,1,0,1,1,0,0,0,2,1,1,1,NA,2,NA
6-11,a,3,2,6-11-a-3,1,1,0,0,1,,0,1,1,0,0,1,1,1,0,0,0,0,2,0,0,NA,1,NA,2
6-11,a,4,2,6-11-a-4,1,1,0,0,1,,0,1,0,0,1,1,0,1,1,0,0,0,2,1,1,0,0,NA,NA
6-11,a,5,2,6-11-a-5,1,1,0,NA,1,,0,1,0,0,0,1,0,1,0,0,1,0,2,0,0,0,0,NA,NA
6-11,a,6,2,6-11-a-6,1,1,0,0,1,,0,1,1,1,1,1,0,1,1,0,0,0,2,0,0,3,3,NA,NA
6-11,a,7,2,6-11-a-7,1,1,0,0,1,,0,1,1,0,1,1,0,1,0,0,0,0,2,0,0,0,0,NA,NA
6-11,a,8,2,6-11-a-8,1,1,0,0,1,,0,1,1,0,1,1,0,1,0,0,0,0,2,0,0,0,3,NA,NA
6-11,b,1,2,6-11-b-1,1,1,0,0,1,,0,1,1,1,1,1,0,1,1,0,1,0,2,0,0,1,NA,2,NA
6-11,b,2,2,6-11-b-2,1,1,0,1,1,,0,1,1,0,0,1,1,1,0,0,0,0,2,0,0,0,3,NA,NA
6-11,c,1,1,6-11-c-1,1,1,0,1,1,,0,1,0,1,1,1,1,1,0,1,0,0,2,0,1,0,2,NA,3
6-11,c,2,1,6-11-c-2,1,1,0,0,0,,0,0,NA,NA,NA,NA,0,1,0,0,0,0,2,0,0,0,0,NA,NA
6-11,c,3,2,6-11-c-3,1,1,0,0,1,,0,1,0,1,1,1,0,1,1,0,1,0,2,0,0,0,4,NA,NA
6-11,c,4,2,6-11-c-4,1,1,0,NA,0,,0,1,1,0,1,1,0,1,0,0,0,0,2,0,0,0,0,NA,NA
6-11,c,5,2,6-11-c-5,1,1,0,0,1,,0,1,1,1,1,1,0,1,1,0,1,0,2,0,1,0,0,NA,NA
6-11,c,6,2,6-11-c-6,1,1,0,0,1,,0,1,1,0,0,1,0,1,0,0,0,0,2,0,0,0,0,NA,NA
6-12,,1,2,6-12-1,1,NA,0,1,1,,0,1,1,0,0,1,1,1,1,0,0,0,2,0,0,2,2,2,2
6-13,,1,2,6-13-1,1,1,0,1,1,,0,1,1,1,1,1,0,1,1,0,1,0,2,0,0,0,0,NA,NA
6-15,,1,2,6-15-1,0,0,0,0,1,,0,1,0,0,0,1,0,1,0,0,0,0,2,0,0,0,0,NA,NA
6-16,,1,2,6-16-1,0,0,0,0,1,,0,1,0,0,0,1,0,1,0,0,0,0,2,0,0,0,0,NA,NA
6-18,a,1,2,6-18-a-1,1,1,0,1,1,,0,1,1,1,1,1,0,1,1,0,0,0,2,0,0,2,2,4,4
6-18,a,2,2,6-18-a-2,1,1,0,1,1,,0,1,1,0,0,1,1,1,1,0,1,0,2,0,0,2,2,4,4
6-18,f,1,2,6-18-f-1,1,1,0,0,1,,0,1,1,1,0,1,1,1,1,0,0,0,2,0,0,0,0,NA,NA
6-21,,1,1,6-21-1,1,1,0,1,0,0,0,1,1,0,0,0,1,1,1,NA,0,0,2,0,0,NA,NA,NA,NA
6-21,,2,2,6-21-2,1,1,0,0,1,,0,1,0,0,0,1,0,1,0,0,0,0,0,NA,NA,0,0,NA,NA
6-22,,1,2,6-22-1,0,0,0,0,1,,0,1,1,0,1,0,0,1,0,0,0,0,2,0,0,2,2,5,4
6-24,b,1,2,6-24-b-1,0,0,0,0,1,,0,1,0,1,1,1,0,0,0,0,0,0,2,0,0,0,0,NA,NA
6-25,,1,2,6-25-1,0,0,0,0,1,,0,1,0,1,1,1,0,1,0,0,0,0,2,0,0,2,2,3,4
6-26,,1,2,6-26-1,0,0,0,1,0,0,0,1,0,1,1,1,2,1,1,0,0,0,2,0,0,3,3,NA,NA
6-27,,1,2,6-27-1,1,1,0,0,1,,0,1,0,0,0,1,0,1,0,0,0,0,2,0,0,0,0,NA,NA
6-27,,2,2,6-27-2,1,1,0,0,1,,0,1,0,1,1,1,0,1,0,0,0,0,2,0,0,0,0,NA,NA
6-27,,3,1,6-27-3,1,1,0,0,0,0,0,1,1,0,0,0,0,2,0,0,0,0,1,0,NA,0,NA,NA,NA
7-1,,1,2,7-1-1,1,1,0,0,0,0,0,1,1,0,0,0,0,1,0,0,0,0,2,0,0,0,0,NA,NA
7-2,,1,2,7-2-1,1,1,0,1,1,,0,1,1,1,1,1,0,0,0,0,0,0,2,0,0,0,1,NA,2
7-2,,2,2,7-2-2,1,1,0,1,1,,0,1,1,1,1,1,0,1,0,0,0,0,2,0,0,0,0,NA,NA
7-2,,3,2,7-2-3,1,1,0,1,1,,0,1,1,1,1,1,0,1,1,0,0,0,2,0,0,0,0,NA,NA
7-2,,4,2,7-2-4,1,1,0,0,1,,0,1,1,0,1,1,1,1,1,0,0,1,2,0,0,3,3,NA,NA
7-3,,1,2,7-3-1,1,1,0,1,1,,0,1,1,1,1,1,0,1,1,0,0,0,2,0,0,3,3,NA,NA
7-3,,2,2,7-3-2,1,1,0,0,1,,0,1,1,0,0,1,1,1,1,0,0,1,2,0,1,3,3,NA,NA
7-3,,3,2,7-3-3,1,1,0,1,1,,0,1,1,0,1,1,1,1,1,1,0,0,2,1,1,3,NA,NA,NA
7-3,,4,2,7-3-4,1,1,0,1,1,,0,0,NA,NA,NA,NA,0,1,0,0,0,0,2,0,0,3,3,NA,NA
7-4,,1,2,7-4-1,1,1,0,0,1,,0,1,0,0,0,1,0,1,0,0,0,0,2,1,0,0,0,NA,NA
7-4,,2,2,7-4-2,1,1,0,1,1,,0,1,1,0,1,1,0,1,1,1,0,0,2,1,1,0,0,NA,NA
7-4,,3,2,7-4-3,1,1,0,0,1,,0,0,NA,NA,NA,NA,0,0,0,0,0,0,2,0,0,4,4,NA,NA
7-4,,4,2,7-4-4,1,1,0,0,1,,0,1,1,1,1,1,0,1,1,0,0,0,2,0,0,3,3,NA,NA
7-4,,5,2,7-4-5,1,1,0,0,1,,0,1,1,0,0,1,0,1,0,0,0,0,2,0,0,0,0,NA,NA
7-4,,6,2,7-4-6,1,1,0,1,1,,0,1,1,0,1,1,0,1,1,0,0,0,2,0,0,0,0,NA,NA
7-5,,1,2,7-5-1,0,0,0,1,1,,0,1,1,1,1,1,1,1,0,0,0,0,2,0,0,0,0,NA,NA
7-8,ab,1,2,7-8-ab-1,1,1,0,0,1,,0,1,1,0,1,1,0,1,1,0,0,0,2,0,0,0,0,NA,NA
7-8,ab,2,2,7-8-ab-2,1,1,0,0,1,,0,1,1,0,0,1,0,1,0,0,0,0,2,0,0,0,0,NA,NA
8-1,,1,2,8-1-1,1,1,0,0,1,,0,1,1,1,1,1,1,1,1,0,1,0,2,0,0,1,1,2,2
8-1,,2,2,8-1-2,1,1,0,0,0,,0,1,1,0,1,1,0,1,0,0,0,0,2,0,0,0,0,NA,NA
8-2,,1,2,8-2-1,1,1,0,1,1,,0,1,1,1,1,1,1,1,1,0,1,0,2,0,0,2,2,4,4
8-2,,2,2,8-2-2,1,1,0,1,1,,0,1,1,1,1,1,1,1,1,0,0,0,2,0,0,0,0,NA,NA
8-2,,3,2,8-2-3,1,1,0,1,1,,0,1,0,1,1,1,0,0,0,0,0,0,2,0,0,0,0,NA,NA
8-2,,4,2,8-2-4,1,1,0,1,1,,0,1,1,1,1,1,1,1,1,0,0,0,2,0,0,1,1,2,2
8-3,,1,2,8-3-1,0,0,0,1,0,0,0,1,0,0,1,1,0,1,0,0,0,0,2,0,0,0,0,NA,NA
8-4,,1,2,8-4-1,0,0,0,0,1,,0,1,0,1,1,1,0,1,0,0,0,0,2,0,0,0,0,NA,NA
8-5,a,1,2,8-5-a-1,1,1,0,1,1,,0,1,1,1,1,1,0,1,1,0,0,0,2,0,0,3,3,NA,NA
8-5,bc,1,2,8-5-bc-1,0,0,0,0,1,,0,1,0,0,1,1,0,1,0,0,0,0,2,0,0,3,0,NA,NA
8-6,,1,2,8-6-1,0,0,0,0,1,,0,1,1,0,1,1,0,0,0,0,0,0,2,0,0,0,0,NA,NA
8-7,,1,2,8-7-1,1,1,0,0,1,,0,0,NA,NA,NA,NA,0,1,0,0,0,0,2,1,0,0,0,NA,NA
8-7,,2,2,8-7-2,1,1,0,0,1,,0,1,0,1,1,1,0,1,0,0,0,0,2,0,0,0,0,NA,NA
8-8,a,1,2,8-8-a-1,0,0,0,0,0,,0,1,0,0,0,1,0,1,0,0,0,0,2,0,0,0,0,NA,NA
8-8,b,1,2,8-8-b-1,1,NA,0,0,1,,0,1,1,1,1,1,0,1,1,0,0,0,2,0,0,0,0,NA,NA
8-8,b,2,1,8-8-b-2,1,NA,0,1,1,,0,1,0,0,0,0,0,1,0,NA,0,0,1,NA,0,NA,NA,NA,NA
8-8,b,3,2,8-8-b-3,1,NA,0,1,1,,0,1,1,0,1,0,0,1,1,0,0,0,2,0,0,1,1,2,2
8-8,b,4,2,8-8-b-4,1,NA,0,0,1,,0,1,1,0,1,1,0,1,0,0,0,0,2,0,0,0,0,NA,NA
8-8,b,5,2,8-8-b-5,1,NA,0,0,1,,0,1,1,1,1,1,0,1,1,0,0,0,2,0,0,3,3,NA,NA
9-1,,1,2,9-1-1,NA,NA,0,0,1,,0,1,1,1,1,1,0,1,1,0,0,0,2,0,0,1,1,2,2
9-2,1,1,2,9-2-1-1,1,1,0,0,1,,0,1,1,1,1,0,1,1,1,0,0,0,2,0,1,2,2,4,4
9-2,1,2,2,9-2-1-2,1,1,0,0,1,,0,1,1,1,1,1,0,1,1,0,0,1,2,0,0,2,2,3,4
9-2,1,3,2,9-2-1-3,1,1,0,0,1,,0,1,1,1,1,1,0,1,1,0,0,0,2,0,1,2,2,3,5
9-2,1,4,2,9-2-1-4,1,1,0,0,1,,0,1,1,1,1,1,0,1,1,0,0,0,2,0,1,2,2,3,3
9-2,1,5,2,9-2-1-5,1,1,0,1,1,,0,1,1,1,1,1,1,1,1,0,1,0,2,0,1,2,2,4,4
9-3,,1,2,9-3-1,NA,NA,0,1,1,,0,0,NA,NA,NA,NA,1,0,0,0,0,0,2,0,1,0,0,NA,NA
9-6,,1,2,9-6-1,1,1,0,0,1,,0,0,NA,NA,NA,NA,0,1,0,0,0,0,2,0,0,2,2,4,3
9-7,,1,2,9-7-1,NA,NA,0,1,1,,0,1,1,1,1,1,0,1,1,0,0,0,2,0,1,3,3,NA,NA
9-8,,1,2,9-8-1,1,1,0,0,1,,0,1,1,0,0,1,0,1,0,0,1,0,2,0,0,NA,NA,NA,NA
9-11,,1,0,9-11-1,1,1,0,NA,0,0,0,1,0,0,0,1,0,1,0,NA,0,0,0,NA,NA,NA,NA,NA,NA
9-11,,2,0,9-11-2,1,1,0,0,1,,0,1,1,1,1,1,0,1,1,0,0,0,2,0,0,0,0,NA,NA
9-11,,3,0,9-11-3,1,1,0,0,1,,0,1,1,1,1,1,0,1,1,0,0,0,2,0,0,2,4,4,NA
9-12,,1,2,9-12-1,0,0,0,0,1,,0,1,1,1,1,1,0,1,0,0,0,0,2,0,0,3,2,NA,3
9-13,,1,2,9-13-1,1,1,0,1,1,,0,1,0,0,0,0,0,1,0,0,0,0,2,1,0,0,0,NA,NA
9-13,,2,2,9-13-2,1,1,0,1,1,,0,1,1,0,1,0,1,1,0,0,0,0,2,1,1,0,0,NA,NA
9-13,,3,1,9-13-3,1,1,0,1,0,0,0,1,1,0,0,1,0,1,0,NA,0,0,0,NA,NA,NA,NA,NA,NA
9-13,,4,2,9-13-4,1,1,0,1,1,,0,1,1,0,0,1,0,1,0,0,0,0,3,1,1,0,0,NA,NA
9-13,,5,1,9-13-5,1,1,0,NA,0,,0,1,1,0,1,0,1,1,0,0,0,0,2,0,0,0,0,NA,NA
9-14,,1,2,9-14-1,0,0,0,0,1,,0,1,1,1,0,1,0,1,0,0,0,0,2,0,0,3,0,NA,NA
9-15,,1,1,9-15-1,0,0,0,0,1,,0,1,0,1,1,1,0,1,0,0,0,0,2,0,0,3,0,NA,NA
9-16,,1,2,9-16-1,0,0,0,1,1,,0,1,0,0,0,1,0,1,1,0,0,0,2,0,0,0,0,NA,NA
9-18,,1,2,9-18-1,0,0,0,1,1,,0,1,1,0,1,1,0,1,0,0,0,0,2,0,0,0,0,NA,NA
10-1,,1,0,10-1-1,1,1,0,1,1,,0,1,1,1,1,1,0,1,0,0,0,0,4,0,1,0,0,NA,NA
10-1,,2,0,10-1-2,1,1,0,1,1,,0,1,1,0,1,1,0,1,0,0,0,0,4,0,1,0,0,NA,NA
10-1,,3,0,10-1-3,1,1,0,0,1,,0,1,0,0,1,1,0,1,0,0,0,0,2,0,0,0,0,NA,NA
10-1,,4,0,10-1-4,1,1,0,0,1,,0,1,0,1,0,1,0,1,0,0,1,0,2,0,0,0,0,NA,NA
10-1,,5,0,10-1-5,1,1,0,0,1,,0,1,1,0,1,0,0,1,1,0,0,0,2,0,0,3,3,NA,NA
10-2,,1,2,10-2-1,1,1,0,1,0,0,0,1,1,0,0,1,0,1,0,0,0,0,2,0,0,0,0,NA,NA
10-3,,1,1,10-3-1,1,1,0,0,0,,0,1,1,0,0,1,0,1,0,NA,0,0,0,NA,NA,NA,NA,NA,NA
10-4,а,1,2,10-4-а-1,1,1,1,1,1,,0,1,1,0,0,1,0,1,0,0,0,0,2,0,0,0,0,NA,NA
10-6,,1,2,10-6-1,1,1,0,0,1,,0,1,1,0,0,1,0,1,0,0,0,0,2,0,0,0,3,NA,NA
10-6,,2,2,10-6-2,1,1,0,0,1,,0,???,???,???,???,???,???,???,0,0,0,0,2,0,0,0,3,NA,NA
10-6,,3,2,10-6-3,1,1,1,1,1,,0,1,1,0,0,1,0,1,1,0,0,0,2,0,0,0,2,NA,2
10-6,,4,2,10-6-4,1,1,0,0,1,,0,1,1,1,0,1,0,1,0,0,0,0,2,0,0,NA,0,NA,NA
10-6,,5,2,10-6-5,1,1,0,1,0,,0,1,1,0,0,1,0,1,0,0,0,0,3,0,0,NA,0,NA,NA
10-6,,6,2,10-6-6,1,1,0,0,1,,0,1,1,1,0,1,0,1,0,0,0,0,2,0,0,4,1,NA,NA
10-6,,7,2,10-6-7,1,1,0,0,1,,0,1,1,0,0,1,0,1,0,0,0,0,1,0,NA,0,NA,NA,NA
10-7,ab,1,2,10-7-ab-1,1,1,0,1,1,,0,1,1,1,1,1,0,1,1,0,0,0,2,0,0,1,3,2,NA
10-7,ab,2,2,10-7-ab-2,1,1,0,1,1,0,0,0,NA,NA,NA,NA,0,1,0,NA,0,0,0,NA,NA,NA,NA,NA,NA
10-7,ab,3,2,10-7-ab-3,1,1,0,1,1,,0,1,0,0,0,1,0,1,1,0,0,0,3,0,0,0,0,NA,NA
10-8,,1,1,10-8-1,0,0,0,1,0,0,0,1,NA,NA,NA,0,2,1,1,0,0,0,0,NA,NA,1,1,2,2
10-9,,1,2,10-9-1,1,1,0,0,1,,0,1,1,0,0,1,0,1,0,0,0,1,2,0,0,1,NA,2,NA
10-10,,1,2,10-10-1,1,1,0,0,1,,0,1,1,1,1,1,0,1,1,0,0,0,2,0,0,0,0,NA,NA
10-10,,2,2,10-10-2,1,1,1,1,1,,0,1,0,0,0,1,0,1,0,0,0,0,2,0,0,0,0,NA,NA
10-10,,3,2,10-10-3,1,1,1,1,1,,0,1,0,0,0,1,0,1,0,0,0,0,2,0,1,2,2,3,3
10-11,,1,2,10-11-1,1,1,0,1,1,,0,1,1,1,1,1,1,1,1,0,0,0,2,0,0,1,1,2,2
10-11,,2,2,10-11-2,1,1,0,1,1,,0,0,NA,NA,NA,NA,1,1,0,0,0,0,2,0,0,0,0,NA,NA
10-13,,1,2,10-13-1,0,0,0,0,1,,0,1,1,1,1,1,0,1,1,0,0,0,2,0,0,3,3,NA,NA
10-16,,1,0,10-16-1,1,1,0,1,1,,0,1,1,0,1,0,0,1,0,0,1,0,2,0,0,2,4,3,NA
10-16,,2,0,10-16-2,1,1,0,0,1,,0,1,1,0,1,1,0,1,0,0,1,0,2,0,0,0,0,NA,NA
10-16,,3,0,10-16-3,1,1,0,0,0,0,0,1,0,0,0,1,0,1,0,0,0,1,2,0,0,NA,NA,NA,NA
10-18,,1,2,10-18-1,1,1,0,0,1,,0,1,1,0,1,1,1,1,1,0,1,0,2,0,0,0,0,NA,NA
10-18,,2,2,10-18-2,1,1,0,0,1,,0,1,1,0,1,1,0,1,1,0,1,0,2,0,0,0,0,NA,NA
10-22,,1,0,10-22-1,1,1,0,0,1,,0,1,1,1,0,0,0,1,0,0,0,0,2,0,0,1,0,2,NA
10-24,,1,0,10-24-1,0,0,0,0,1,,0,0,NA,NA,NA,NA,0,1,0,0,0,0,2,0,0,0,3,NA,NA
10-25,,1,2,10-25-1,0,0,0,0,1,,0,1,1,1,1,1,0,1,1,0,0,0,2,0,0,0,0,NA,NA
10-26,,1,0,10-26-1,NA,NA,0,0,1,,0,1,1,0,1,1,1,1,0,0,0,0,2,0,0,0,NA,NA,NA
10-29,a,1,2,10-29-a-1,0,0,0,0,1,,0,1,1,0,0,1,0,1,0,0,0,0,2,0,0,NA,3,NA,NA
11-1,d,1,1,11-1-d-1,1,1,0,0,0,,0,1,0,0,0,0,0,1,0,0,0,0,2,0,0,0,NA,NA,NA
11-1,d,2,2,11-1-d-2,1,1,0,0,1,,0,1,1,0,0,0,0,1,0,0,0,0,2,0,0,3,3,NA,NA
11-1,d,3,2,11-1-d-3,1,1,0,0,1,,0,1,1,0,0,0,1,1,0,0,0,0,2,0,0,0,0,NA,NA
11-2,,1,2,11-2-1,1,1,0,0,1,,0,1,1,0,1,1,1,1,1,0,1,0,2,0,1,2,2,3,4
11-4,,1,1,11-4-1,0,0,0,0,0,,0,0,NA,NA,NA,NA,NA,NA,0,NA,0,0,2,0,0,NA,NA,NA,NA
11-5,,1,1,11-5-1,NA,NA,0,1,0,,0,1,1,0,0,1,0,0,0,0,0,0,4,0,0,0,0,NA,NA
12-2,,1,2,12-2-1,1,0,0,0,1,,0,1,1,0,1,1,1,1,1,0,0,0,2,0,0,0,1,NA,2
12-2,,2,2,12-2-2,1,0,0,0,1,,0,1,1,1,1,1,1,1,1,0,0,0,2,0,0,3,3,NA,NA
12-3,,1,2,12-3-1,1,NA,0,1,1,,0,1,0,0,0,1,0,1,0,0,0,0,2,0,0,0,3,NA,NA
12-7,,1,2,12-7-1,1,1,0,0,1,,0,1,1,0,1,1,0,1,0,0,0,0,2,0,0,0,0,NA,NA